,label
7798,True
3841,True
522,True
242,True
8384,True
5432,True
6207,True
6558,True
5560,True
4847,True
9906,True
4032,True
7733,True
215,True
3727,True
8486,True
718,True
2646,True
2990,True
1390,True
2705,True
2400,True
7703,True
4324,True
6154,True
5424,True
1670,True
850,False
3538,True
4567,True
9446,True
3777,True
2733,True
913,False
5816,True
8855,True
8564,True
4290,True
7232,True
4641,True
3982,True
2030,True
4656,True
5532,True
17,False
667,True
3881,True
6585,True
2523,True
663,True
5557,True
2008,True
753,False
3845,True
595,True
4569,True
2759,True
1057,True
5685,True
5792,True
3760,True
8138,True
7477,True
5310,True
8517,True
7190,True
8765,True
7714,True
11,False
39,True
9208,True
931,False
80,False
366,False
3586,True
6324,True
1142,True
3752,True
7260,True
6804,True
4989,True
7208,True
2035,True
8612,True
1544,True
5739,True
63,True
1460,True
6237,True
7385,True
221,True
576,True
582,True
3893,True
210,True
8449,True
4936,True
768,False
4820,True
7391,True
8656,True
4711,True
617,False
3873,True
8693,True
2028,True
4466,True
830,True
3787,True
968,True
5033,True
5723,True
8851,True
495,True
4949,True
184,False
1845,True
560,True
734,False
2338,True
2658,True
4996,True
8817,True
1634,True
324,True
4484,True
9913,True
2613,True
2323,True
2557,True
4379,True
1757,True
9823,True
8309,True
149,True
7639,True
3230,True
7664,True
643,False
2134,True
7292,True
8634,True
6431,True
3467,True
7019,True
4706,True
2587,True
1545,True
5137,True
8122,True
6200,True
6926,True
2476,True
3106,True
4165,True
9718,True
47,True
1762,True
2784,True
2888,True
179,True
1496,True
4272,True
5648,True
1698,True
2559,True
6590,True
2714,True
4580,True
2294,True
9251,True
6911,True
962,True
6293,True
4315,True
9790,True
162,True
103,False
5936,True
6263,True
3904,True
4869,True
5714,True
4777,True
2519,True
4143,True
14,False
4499,True
3471,True
8750,True
974,True
5478,True
6011,True
6795,True
579,False
16,False
8958,True
5846,True
3492,True
5766,True
5880,True
727,True
4282,True
9459,True
8481,True
9300,True
5873,True
8561,True
3361,True
2989,True
9408,True
9922,True
8353,True
8829,True
392,True
703,False
7219,True
1388,True
5746,True
5516,True
1485,True
4098,True
318,False
8603,True
7244,True
9267,True
1772,True
5634,True
6341,True
452,True
2909,True
990,True
116,True
2455,True
615,True
6927,True
5270,True
875,True
7808,True
3880,True
4872,True
9311,True
2614,True
4277,True
3313,True
4715,True
6050,True
738,True
7372,True
2281,True
3203,True
2755,True
3521,True
9447,True
2066,True
3185,True
2762,True
4086,True
6601,True
7819,True
707,False
4266,True
7093,True
1871,True
6410,True
7750,True
9486,True
1501,True
3607,True
7674,True
7755,True
3029,True
6491,True
5639,True
8382,True
7513,True
8900,True
6561,True
593,False
4885,True
4475,True
4508,True
2845,True
8549,True
5412,True
1855,True
1113,True
143,False
7128,True
3383,True
363,False
4382,True
8914,True
75,False
2575,True
3316,True
4122,True
3604,True
1418,True
484,True
1184,True
5463,True
1095,True
660,True
6922,True
1083,True
5784,True
5251,True
733,True
1417,True
4705,True
1900,True
1497,True
1066,True
9788,True
396,False
4258,True
5189,True
1846,True
4556,True
187,True
8355,True
9402,True
4947,True
3852,True
9854,True
9098,True
6433,True
3908,True
2093,True
4380,True
1397,True
6554,True
8666,True
3866,True
4573,True
9942,True
7825,True
3168,True
9784,True
53,True
4036,True
7465,True
9189,True
6077,True
6537,True
9772,True
6818,True
1673,True
6619,True
563,True
8745,True
3965,True
2386,True
5240,True
9737,True
9354,True
1056,True
5949,True
5592,True
476,True
5486,True
4342,True
9414,True
6381,True
234,False
1115,True
4879,True
1177,True
245,True
7901,True
8893,True
7137,True
7294,True
810,False
3360,True
8754,True
8310,True
6496,True
3405,True
6427,True
8160,True
877,False
2856,True
9434,True
1402,True
3031,True
420,False
5163,True
3437,True
5352,True
421,True
8186,True
8618,True
5088,True
6386,True
4361,True
130,True
4237,True
4804,True
7066,True
6060,True
8267,True
5272,True
5587,True
8628,True
854,True
1946,True
6945,True
8352,True
941,True
9017,True
3534,True
9910,True
2473,True
2348,True
144,False
2450,True
531,True
6390,True
9799,True
9232,True
396,True
863,False
8837,True
1028,True
587,False
4592,True
956,True
5618,True
5907,True
905,True
9679,True
3921,True
3705,True
9027,True
5460,True
128,False
3693,True
9852,True
5857,True
6890,True
3291,True
3746,True
4778,True
3433,True
8402,True
7545,True
3977,True
8268,True
9282,True
3503,True
188,False
8791,True
5742,True
899,True
1299,True
8189,True
5865,True
7727,True
1061,True
6579,True
3780,True
3974,True
870,False
7302,True
5045,True
646,True
8840,True
9915,True
3506,True
789,False
5059,True
1682,True
6163,True
9959,True
4339,True
403,False
75,True
6594,True
1989,True
876,True
2745,True
3863,True
5105,True
1373,True
7802,True
7311,True
3393,True
8748,True
3678,True
9108,True
327,False
6930,True
1568,True
5250,True
4774,True
1197,True
623,False
6515,True
1910,True
8870,True
9209,True
9143,True
576,False
1874,True
348,True
6444,True
513,False
9862,True
3033,True
891,False
9517,True
5173,True
94,False
4006,True
5070,True
6472,True
4826,True
7343,True
141,False
2529,True
8255,True
5885,True
9082,True
6676,True
462,False
433,False
1965,True
451,True
8505,True
8785,True
6703,True
1287,True
3439,True
541,False
46,False
2801,True
8342,True
102,True
8429,True
990,False
1333,True
8990,True
9689,True
1591,True
2360,True
8973,True
2675,True
5757,True
7821,True
2153,True
183,True
7692,True
3283,True
1228,True
1126,True
2284,True
3774,True
951,True
5227,True
5443,True
1094,True
3498,True
7655,True
6208,True
1554,True
4803,True
1130,True
1260,True
3329,True
7972,True
2498,True
9268,True
1885,True
8099,True
6825,True
841,False
674,True
355,False
7377,True
9747,True
8686,True
2916,True
387,True
614,False
7686,True
5898,True
6556,True
3610,True
4747,True
9228,True
1473,True
8739,True
702,True
2726,True
145,False
3654,True
731,False
964,False
460,True
1193,True
3653,True
5824,True
5333,True
8892,True
8653,True
2667,True
4977,True
8127,True
6067,True
6707,True
2091,True
8894,True
3830,True
7549,True
2981,True
314,True
4583,True
4414,True
3788,True
6977,True
6509,True
8713,True
1696,True
316,False
6100,True
6850,True
6053,True
9797,True
6560,True
3368,True
1324,True
5075,True
7947,True
1081,True
3039,True
8786,True
2286,True
9488,True
101,True
1314,True
704,True
1440,True
2282,True
7414,True
492,False
9201,True
775,True
220,True
7539,True
7812,True
7049,True
1572,True
1163,True
2596,True
6798,True
9809,True
53,False
9161,True
3164,True
9520,True
4904,True
9418,True
8055,True
4721,True
3922,True
924,False
2420,True
2571,True
539,True
683,True
8233,True
2365,True
269,False
7076,True
6599,True
6924,True
161,True
3725,True
5235,True
8714,True
8082,True
7345,True
2038,True
3448,True
5451,True
3658,True
924,True
2753,True
5414,True
8532,True
770,True
7087,True
1986,True
8972,True
5209,True
3123,True
4926,True
695,True
3328,True
5359,True
7173,True
1219,True
4811,True
2549,True
5382,True
1681,True
4769,True
4795,True
9919,True
3195,True
8691,True
3436,True
9372,True
750,False
8525,True
9036,True
191,False
851,False
3918,True
7939,True
9768,True
1375,True
1814,True
918,False
1992,True
3920,True
3580,True
7861,True
670,False
8910,True
7995,True
4316,True
5221,True
1224,True
7158,True
8328,True
684,True
558,False
8074,True
4142,True
5471,True
81,True
755,False
5655,True
3158,True
7266,True
1269,True
821,False
7532,True
6502,True
6849,True
6075,True
1789,True
5321,True
1433,True
697,True
4607,True
9719,True
5275,True
3549,True
9283,True
8638,True
4687,True
6130,True
4549,True
7783,True
5192,True
3159,True
3352,True
6017,True
2423,True
994,False
8287,True
3003,True
6972,True
2883,True
6500,True
5465,True
1968,True
5501,True
6268,True
8085,True
2125,True
1812,True
3166,True
260,False
9054,True
7406,True
415,True
7174,True
8107,True
1086,True
215,False
8746,True
5749,True
109,True
6113,True
131,False
2516,True
3979,True
1392,True
620,True
5740,True
7862,True
1611,True
7405,True
3917,True
7176,True
4015,True
2715,True
9532,True
8385,True
5622,True
7516,True
1706,True
1242,True
3748,True
3027,True
1911,True
9220,True
4895,True
7486,True
3903,True
8915,True
9836,True
5632,True
3303,True
110,False
7581,True
2567,True
3131,True
8303,True
2054,True
8204,True
2923,True
4627,True
8926,True
1640,True
364,True
9528,True
729,True
3722,True
7696,True
9585,True
5499,True
4863,True
7012,True
3234,True
4690,True
3649,True
1121,True
1733,True
8408,True
2327,True
9876,True
6742,True
8370,True
5769,True
541,True
389,True
8734,True
3570,True
1683,True
381,True
9983,True
587,True
629,True
511,True
799,True
9371,True
678,True
6841,True
957,False
6174,True
5695,True
5996,True
9217,True
901,True
8243,True
7326,True
459,True
754,True
5944,True
1494,True
2631,True
7547,True
9716,True
1511,True
6892,True
8472,True
8542,True
3022,True
4042,True
2562,True
3272,True
8506,True
1463,True
7827,True
1241,True
7698,True
6348,True
6999,True
3945,True
4923,True
8679,True
644,False
140,False
9298,True
2345,True
4063,True
9127,True
5067,True
9141,True
2434,True
7994,True
275,False
1739,True
8331,True
266,True
9214,True
515,False
2296,True
8866,True
4866,True
7852,True
7943,True
1538,True
8611,True
9470,True
3152,True
806,False
6408,True
8500,True
6198,True
3,False
7845,True
1508,True
728,True
1170,True
7702,True
2335,True
9924,True
7168,True
253,False
2531,True
3953,True
2846,True
6644,True
9649,True
6738,True
972,False
7121,True
8780,True
688,False
7534,True
2295,True
5576,True
7008,True
9608,True
4786,True
4038,True
7191,True
7876,True
2838,True
6304,True
7756,True
8144,True
5845,True
1601,True
9419,True
2766,True
192,True
437,False
8614,True
2217,True
1675,True
5481,True
2374,True
952,False
5502,True
7070,True
1710,True
7591,True
9131,True
1830,True
4507,True
1034,True
3002,True
9471,True
8210,True
9149,True
7169,True
4073,True
8822,True
4793,True
6440,True
5619,True
7285,True
2292,True
3936,True
5951,True
3143,True
9891,True
8473,True
2448,True
673,True
24,True
377,True
758,True
750,True
4575,True
6294,True
4486,True
4816,True
9739,True
5513,True
3284,True
3481,True
8872,True
3396,True
7188,True
2689,True
5289,True
7279,True
8997,True
5362,True
1118,True
3460,True
8868,True
6021,True
803,True
5018,True
4588,True
7697,True
3963,True
8265,True
9882,True
6793,True
7959,True
4472,True
6261,True
8633,True
572,False
240,True
9979,True
5143,True
6806,True
6913,True
908,False
2039,True
8419,True
7533,True
8930,True
9355,True
5062,True
276,False
1344,True
4988,True
3277,True
1790,True
219,False
1737,True
6607,True
4555,True
671,True
9206,True
4649,True
5419,True
4179,True
109,False
3174,True
5174,True
1891,True
1144,True
852,True
445,True
2520,True
9831,True
8605,True
8349,True
4935,True
6465,True
8045,True
5224,True
446,True
738,False
5608,True
9647,True
8014,True
8435,True
2948,True
6772,True
2264,True
9597,True
9376,True
477,True
9785,True
529,True
6177,True
5635,True
9981,True
98,False
8290,True
3408,True
797,True
3455,True
9061,True
26,False
665,True
5718,True
4095,True
7107,True
419,False
1100,True
9430,True
4,True
6495,True
1218,True
2231,True
8136,True
6671,True
5980,True
5551,True
13,True
2820,True
4364,True
668,False
6942,True
2454,True
6081,True
3517,True
6567,True
6889,True
9630,True
8911,True
8198,True
806,True
4511,True
6517,True
1708,True
9403,True
791,False
1906,True
2775,True
7264,True
3663,True
3017,True
698,True
8462,True
254,False
3030,True
3326,True
9789,True
7610,True
2655,True
713,True
5285,True
9552,True
8673,True
9982,True
7252,True
8424,True
6334,True
153,False
3377,True
117,False
9604,True
501,False
610,True
4293,True
2554,True
2350,True
2927,True
4312,True
6187,True
433,True
9707,True
813,False
6257,True
4640,True
2768,True
551,True
9813,True
970,True
7771,True
9508,True
9501,True
1858,True
340,True
904,False
5891,True
1099,True
8180,True
724,False
312,True
9932,True
9637,True
3381,True
4870,True
51,True
8757,True
4898,True
785,True
8282,True
38,True
9556,True
573,False
8399,True
6808,True
3457,True
5122,True
7130,True
996,True
297,False
9662,True
2132,True
8920,True
4734,True
2657,True
7914,True
1122,True
3085,True
566,False
372,False
7695,True
5641,True
3236,True
5916,True
2842,True
7156,True
2551,True
690,False
2399,True
6908,True
4498,True
9248,True
2687,True
8743,True
5505,True
326,True
9481,True
899,False
2421,True
5868,True
1817,True
936,True
4477,True
1717,True
9375,True
807,True
7330,True
916,True
8655,True
1265,True
1404,True
8796,True
7072,True
7213,True
9226,True
6740,True
5242,True
7773,True
1166,True
8162,True
182,False
6690,True
2778,True
783,True
8536,True
4348,True
9547,True
3682,True
212,True
652,False
8641,True
8215,True
3223,True
956,False
440,False
5964,True
6378,True
965,False
2024,True
3201,True
258,False
1636,True
4581,True
9115,True
3612,True
7309,True
7056,True
6103,True
1515,True
6746,True
757,True
9152,True
6691,True
3867,True
3792,True
1338,True
5323,True
1547,True
8108,True
6813,True
5454,True
8381,True
1997,True
6672,True
179,False
149,False
5524,True
3478,True
702,False
2429,True
9390,True
8566,True
7612,True
6305,True
4378,True
380,True
2821,True
3044,True
197,False
7971,True
6681,True
3644,True
9696,True
3080,True
4254,True
6374,True
8875,True
4494,True
2233,True
1666,True
4692,True
627,False
5255,True
5827,True
6314,True
3750,True
6420,True
4370,True
5411,True
2313,True
3397,True
9340,True
701,True
2936,True
3605,True
3268,True
2806,True
1306,True
3730,True
8047,True
3061,True
5083,True
3419,True
5280,True
8123,True
9550,True
8300,True
794,False
180,True
206,False
2014,True
8995,True
2699,True
6344,True
8332,True
6062,True
3432,True
3178,True
2465,True
8067,True
7154,True
8365,True
708,False
710,False
2892,True
5848,True
4654,True
7319,True
5615,True
5747,True
1003,True
6173,True
5856,True
3071,True
8348,True
561,True
5320,True
1448,True
8457,True
6954,True
730,True
3817,True
2897,True
4278,True
293,False
2572,True
9817,True
1132,True
7412,True
8072,True
6146,True
9187,True
1389,True
3362,True
418,False
8042,True
1188,True
7840,True
8905,True
6141,True
37,True
4655,True
1128,True
3145,True
83,True
9940,True
9101,True
1991,True
2109,True
1892,True
1994,True
9531,True
3261,True
0,False
9356,True
9160,True
1476,True
7376,True
5374,True
9224,True
4930,True
1355,True
4291,True
727,False
6273,True
2392,True
5197,True
7853,True
9202,True
131,True
89,True
8012,True
845,True
6686,True
3508,True
252,False
6248,True
5887,True
9111,True
6637,True
8996,True
9060,True
7868,True
7010,True
3566,True
2223,True
6870,True
4328,True
3409,True
1064,True
5316,True
5687,True
780,True
8005,True
2257,True
6192,True
2270,True
8879,True
9961,True
2457,True
1434,True
381,False
6045,True
6140,True
126,False
9656,True
9234,True
6895,True
7980,True
49,False
933,False
9466,True
648,True
6023,True
7367,True
1580,True
9073,True
217,True
4233,True
8244,True
456,True
5001,True
7700,True
412,False
2684,True
3333,True
7421,True
2325,True
5904,True
816,False
9946,True
8088,True
7580,True
8859,True
7278,True
3359,True
5969,True
5071,True
7445,True
4938,True
7203,True
8250,True
6136,True
7561,True
1808,True
3877,True
1441,True
2416,True
108,True
6175,True
5810,True
743,True
8479,True
4542,True
391,True
3480,True
3016,True
4578,True
3484,True
306,False
938,False
177,True
3053,True
718,False
4251,True
8763,True
2203,True
5100,True
3389,True
5736,True
5216,True
7745,True
3114,True
8114,True
4814,True
2720,True
152,True
7324,True
9335,True
402,True
2742,True
1291,True
7666,True
7026,True
9009,True
4490,True
6473,True
1089,True
2586,True
7134,True
917,True
9236,True
283,False
9464,True
3844,True
7678,True
7481,True
8725,True
7039,True
1107,True
351,True
7472,True
9259,True
4231,True
3636,True
4539,True
5434,True
6950,True
8674,True
4183,True
6580,True
374,False
333,True
2504,True
5116,True
1684,True
893,False
3708,True
2901,True
1749,True
4286,True
3505,True
3129,True
7713,True
4182,True
6419,True
9126,True
96,True
5440,True
2000,True
448,False
8386,True
3907,True
3357,True
6984,True
2955,True
7744,True
407,True
1040,True
6900,True
2483,True
82,True
9840,True
7183,True
8392,True
9020,True
3221,True
95,True
9903,True
9039,True
7150,True
9777,True
134,True
6107,True
6944,True
3594,True
5353,True
3547,True
7933,True
9188,True
1863,True
5335,True
584,True
5409,True
919,False
113,False
687,True
8733,True
7395,True
596,True
264,False
9010,True
6674,True
4470,True
1659,True
2004,True
711,False
9892,True
8507,True
548,False
2503,True
4217,True
7614,True
1602,True
950,True
1766,True
8275,True
7020,True
9807,True
3293,True
5541,True
1707,True
741,True
7986,True
4202,True
2201,True
948,False
895,True
2680,True
4240,True
3769,True
4853,True
8301,True
246,True
2250,True
9792,True
3611,True
949,True
249,True
2069,True
4522,True
3976,True
8192,True
4295,True
778,False
5924,True
788,True
2628,True
7353,True
7525,True
5361,True
894,False
60,False
6124,True
8260,True
4437,True
4515,True
139,True
9627,True
7629,True
3600,True
5529,True
6046,True
977,False
577,False
111,False
1617,True
2379,True
7935,True
6250,True
822,False
5053,True
3553,True
372,True
9728,True
8132,True
74,False
307,True
9113,True
1127,True
5973,True
8320,True
5935,True
6372,True
6214,True
6545,True
4772,True
860,False
8054,True
6947,True
9482,True
5861,True
3267,True
3470,True
5650,True
2481,True
5998,True
199,True
3782,True
4056,True
8777,True
6328,True
2271,True
1474,True
3992,True
3990,True
7928,True
7218,True
6436,True
7626,True
2113,True
5694,True
56,False
5930,True
8689,True
6526,True
2094,True
7978,True
9445,True
2645,True
4611,True
8304,True
1877,True
5644,True
4310,True
4956,True
493,True
896,False
108,False
1963,True
4830,True
5313,True
5863,True
181,False
9441,True
987,False
2873,True
23,False
8006,True
3912,True
123,True
2610,True
8335,True
654,True
898,True
659,False
7760,True
314,False
4430,True
499,False
1000,True
405,True
61,True
6852,True
1074,True
2963,True
3763,True
2717,True
912,True
1930,True
3706,True
8832,True
3249,True
8759,True
6371,True
840,True
8530,True
8491,True
2235,True
7588,True
3871,True
298,False
4197,True
3449,True
9277,True
3294,True
4191,True
3911,True
1078,True
3258,True
3853,True
5563,True
7170,True
1072,True
6262,True
7758,True
6620,True
1281,True
889,True
1905,True
3571,True
700,True
9894,True
5030,True
8026,True
534,False
9449,True
2289,True
1620,True
5673,True
5433,True
1810,True
7047,True
2805,True
6172,True
4426,True
6727,True
7944,True
6010,True
4927,True
2695,True
425,False
4105,True
4532,True
4049,True
3993,True
648,False
6989,True
8024,True
2986,True
6168,True
8588,True
8970,True
4093,True
7080,True
7781,True
3838,True
4059,True
9350,True
658,True
8537,True
1882,True
510,True
9367,True
991,True
2053,True
1257,True
3546,True
7119,True
9118,True
901,False
9977,True
5583,True
51,False
886,False
4708,True
3715,True
5988,True
983,True
3066,True
3524,True
8325,True
4152,True
1202,True
1478,True
580,True
1264,True
9476,True
86,False
5859,True
1396,True
2648,True
2101,True
8133,True
9270,True
3144,True
5548,True
5572,True
867,False
6639,True
6627,True
2810,True
4762,True
6918,True
7622,True
7361,True
8466,True
8438,True
6719,True
9257,True
5941,True
1491,True
8677,True
4745,True
520,False
7104,True
7441,True
4759,True
3913,True
989,True
476,False
4115,True
836,True
10,False
5719,True
164,True
1919,True
100,False
9661,True
8929,True
6505,True
138,True
5470,True
2885,True
9548,True
4617,True
1386,True
9398,True
2078,True
4160,True
5223,True
26,True
300,True
5768,True
1704,True
4696,True
359,True
1957,True
8077,True
508,True
2215,True
9783,True
791,True
9438,True
2522,True
7041,True
6059,True
2850,True
466,False
1513,True
565,False
1869,True
525,False
2908,True
5657,True
609,False
8621,True
1274,True
6093,True
9038,True
993,True
4120,True
2924,True
9388,True
4431,True
4401,True
909,False
145,True
2537,True
7716,True
578,True
8444,True
9928,True
127,True
2811,True
6611,True
8860,True
713,False
5796,True
136,False
3560,True
9344,True
5908,True
7999,True
5661,True
3067,True
2306,True
981,False
9058,True
7055,True
3369,True
2869,True
3601,True
4151,True
893,True
9733,True
3387,True
8849,True
5081,True
281,True
6132,True
7034,True
460,False
8096,True
1715,True
4055,True
5271,True
3835,True
9416,True
568,False
942,False
337,False
7489,True
3170,True
4284,True
3214,True
5204,True
8706,True
8862,True
3150,True
6412,True
2061,True
184,True
4075,True
5147,True
6961,True
5932,True
4568,True
3186,True
8266,True
5668,True
8954,True
9533,True
960,False
1881,True
904,True
2376,True
3092,True
3587,True
6928,True
5461,True
5812,True
9781,True
3406,True
9507,True
6006,True
601,False
9580,True
1579,True
453,True
1221,True
9178,True
6160,True
2511,True
1171,True
2722,True
6376,True
7636,True
2224,True
1524,True
1185,True
2305,True
484,False
4570,True
2025,True
4510,True
1426,True
6070,True
2442,True
6339,True
8295,True
5927,True
7875,True
6429,True
9409,True
2314,True
431,True
5677,True
5237,True
2887,True
928,False
7976,True
9883,True
1026,True
985,True
1981,True
1032,True
5364,True
7453,True
2578,True
7946,True
5006,True
9327,True
3281,True
3773,True
3624,True
4782,True
9751,True
8897,True
5372,True
1938,True
4665,True
7225,True
4068,True
6014,True
9539,True
2681,True
3063,True
2670,True
5821,True
1514,True
8139,True
1060,True
4064,True
3854,True
1403,True
9860,True
2413,True
865,True
4045,True
5571,True
1106,True
594,True
7305,True
4227,True
7349,True
417,False
5869,True
255,False
2331,True
5098,True
9617,True
2351,True
1146,True
2651,True
9565,True
1796,True
2287,True
5292,True
8853,True
5970,True
5833,True
6275,True
6981,True
6148,True
2191,True
6754,True
782,False
4544,True
9174,True
134,False
4965,True
4087,True
9657,True
8485,True
4937,True
8577,True
9796,True
8850,True
5776,True
6837,True
2592,True
186,True
9032,True
317,True
1437,True
2249,True
5117,True
2718,True
1555,True
8650,True
4211,True
8657,True
9288,True
5296,True
6943,True
4910,True
3345,True
3,True
7670,True
9713,True
2432,True
763,False
6769,True
9066,True
1002,True
632,True
6003,True
9125,True
5375,True
2013,True
8764,True
3227,True
5912,True
7660,True
7328,True
9596,True
445,False
4758,True
2002,True
1332,True
5566,True
1350,True
7099,True
656,False
7735,True
1430,True
7759,True
2744,True
3988,True
4789,True
5759,True
3621,True
7420,True
257,False
4445,True
3595,True
2064,True
3671,True
650,True
2488,True
4836,True
9328,True
1581,True
4500,True
3781,True
7811,True
2898,True
1960,True
1027,True
7058,True
2204,True
7794,True
419,True
7857,True
6546,True
4184,True
97,False
4912,True
4674,True
9698,True
977,True
370,True
6469,True
9075,True
5760,True
1182,True
7295,True
6266,True
6701,True
274,False
1070,True
4933,True
7623,True
6234,True
2769,True
206,True
502,True
5640,True
2086,True
751,False
555,True
6139,True
8468,True
3890,True
6525,True
955,False
987,True
8616,True
5314,True
9309,True
625,True
543,True
3717,True
9560,True
9473,True
5185,True
1564,True
5547,True
9842,True
2269,True
7250,True
4761,True
712,True
3070,True
9634,True
7540,True
2788,True
5512,True
3273,True
3434,True
6800,True
613,False
4365,True
3944,True
6109,True
6826,True
231,False
9563,True
8272,True
3861,True
172,True
8692,True
8380,True
9888,True
1139,True
1751,True
2558,True
6310,True
1759,True
1549,True
1208,True
9980,True
7585,True
3040,True
4714,True
3468,True
6665,True
3641,True
5057,True
7544,True
8101,True
6666,True
7637,True
8645,True
439,True
6916,True
664,True
1424,True
7307,True
7530,True
7902,True
1114,True
9865,True
9496,True
7908,True
473,True
9159,True
846,False
4679,True
4701,True
6687,True
835,False
3802,True
5120,True
8103,True
4520,True
7301,True
946,True
8541,True
3536,True
6722,True
1457,True
251,True
332,True
5099,True
4127,True
59,True
7537,True
3581,True
4321,True
434,False
9824,True
1651,True
8363,True
5084,True
2690,True
2195,True
2663,True
2698,True
3707,True
4856,True
8992,True
4536,True
9318,True
8130,True
4783,True
334,False
5291,True
8271,True
9080,True
3617,True
350,True
20,False
5279,True
4201,True
2358,True
6934,True
442,True
4741,True
5438,True
7949,True
653,False
2612,True
1222,True
125,False
5779,True
9594,True
2029,True
6974,True
7816,True
6764,True
2633,True
7247,True
2464,True
3083,True
8044,True
5537,True
6705,True
6782,True
2685,True
6797,True
9478,True
392,False
6698,True
5129,True
5218,True
5942,True
5267,True
6838,True
3496,True
3986,True
3165,True
3935,True
5523,True
4027,True
280,False
2747,True
1714,True
3458,True
6036,True
747,True
5890,True
3906,True
2969,True
8100,True
4802,True
6099,True
4239,True
773,False
5895,True
2177,True
9636,True
1838,True
4837,True
9172,True
8899,True
6853,True
3692,True
9685,True
7384,True
8606,True
4118,True
7828,True
393,True
1641,True
2446,True
4668,True
5421,True
7719,True
8762,True
3554,True
8390,True
1262,True
615,False
9525,True
470,True
5283,True
9515,True
7418,True
6125,True
2155,True
5589,True
6356,True
2772,True
9410,True
783,False
842,False
9362,True
3323,True
9452,True
7241,True
8818,True
4698,True
3910,True
1701,True
7717,True
1535,True
9543,True
430,False
1189,True
71,False
740,True
129,True
3354,True
1409,True
3094,True
2724,True
7366,True
45,True
3766,True
2040,True
6876,True
6667,True
7370,True
2867,True
8324,True
6220,True
161,False
3157,True
3422,True
8456,True
6956,True
6791,True
1849,True
8333,True
336,True
1282,True
4411,True
9183,True
8111,True
4896,True
4029,True
2561,True
1051,True
8552,True
5206,True
296,False
188,True
5518,True
2638,True
6980,True
8007,True
5588,True
332,False
6038,True
7842,True
8501,True
6643,True
2158,True
674,False
8979,True
860,True
6048,True
5531,True
6218,True
4242,True
8093,True
3858,True
423,True
427,True
6626,True
406,False
514,False
203,True
8769,True
4712,True
5709,True
4124,True
4468,True
7824,True
758,False
7982,True
8544,True
318,True
4100,True
3473,True
1215,True
6975,True
7809,True
1734,True
634,True
9762,True
271,True
4884,True
1557,True
1352,True
4916,True
3115,True
1042,True
9626,True
1955,True
594,False
6185,True
7805,True
6199,True
371,False
2438,True
3688,True
2006,True
1811,True
815,False
1647,True
1976,True
5094,True
7284,True
3337,True
4725,True
5591,True
450,False
9566,True
3442,True
3355,True
6775,True
7520,True
660,False
4817,True
1775,True
9313,True
4267,True
3398,True
9644,True
4835,True
4825,True
9028,True
4562,True
933,True
5445,True
6583,True
5111,True
2010,True
9385,True
4537,True
6581,True
9972,True
8644,True
989,False
1614,True
9544,True
6290,True
426,True
1703,True
3634,True
798,False
8512,True
2163,True
3290,True
1326,True
9568,True
5758,True
546,False
463,True
2311,True
4548,True
6089,True
7652,True
8546,True
5926,True
8344,True
3238,True
6897,True
491,False
3335,True
885,False
326,False
6650,True
8286,True
7109,True
5937,True
263,False
4375,True
2120,True
398,True
1984,True
8772,True
5211,True
2962,True
7145,True
8030,True
135,True
5215,True
8206,True
230,True
2741,True
9063,True
4334,True
7027,True
1918,True
9843,True
73,False
1947,True
6685,True
5948,True
2015,True
2855,True
7212,True
964,True
7963,True
8050,True
8097,True
7206,True
1940,True
733,False
157,True
8808,True
2854,True
7069,True
8935,True
961,True
1240,True
6446,True
5743,True
3511,True
979,True
4824,True
9424,True
3805,True
3112,True
4710,True
9546,True
2344,True
6624,True
8665,True
6781,True
6508,True
287,False
2190,True
4101,True
953,True
8378,True
9205,True
267,False
504,True
4887,True
9745,True
6840,True
8801,True
866,False
5202,True
9393,True
3014,True
2060,True
2965,True
4297,True
8196,True
5767,True
8709,True
4114,True
2636,True
6661,True
9727,True
3522,True
2381,True
7331,True
8413,True
6584,True
4337,True
327,True
6578,True
226,False
7926,True
4779,True
42,False
6968,True
689,True
369,True
6498,True
9884,True
78,True
9898,True
7775,True
6967,True
4327,True
2550,True
5603,True
2227,True
9358,True
7352,True
1804,True
6925,True
1305,True
3009,True
8718,True
7511,True
9453,True
3082,True
8340,True
4454,True
5231,True
2419,True
1341,True
5351,True
24,False
5330,True
383,True
7567,True
988,False
6799,True
945,False
3801,True
7123,True
8124,True
6269,True
2593,True
1576,True
8942,True
7030,True
8828,True
5680,True
8199,True
8904,True
3929,True
4329,True
2780,True
4662,True
196,True
742,True
9730,True
7967,True
847,False
6559,True
955,True
4799,True
9076,True
3454,True
9090,True
9927,True
7886,True
7149,True
465,True
4540,True
9851,True
8805,True
8403,True
9511,True
1067,True
907,True
7630,True
1678,True
856,False
2629,True
760,True
978,True
7454,True
3113,True
6987,True
6225,True
3052,True
1795,True
4168,True
8319,True
719,False
7339,True
6340,True
5477,True
7131,True
1082,True
7568,True
7473,True
4845,True
6012,True
363,True
3712,True
483,True
4078,True
6155,True
6811,True
699,False
371,True
7028,True
9668,True
7736,True
5109,True
3733,True
4628,True
9889,True
8135,True
478,False
9494,True
2099,True
7181,True
4302,True
1076,True
7996,True
497,False
2255,True
5897,True
6905,True
5976,True
121,False
2783,True
9105,True
8912,True
525,True
1937,True
1954,True
2083,True
6296,True
3859,True
1990,True
5899,True
7202,True
2278,True
6710,True
6247,True
19,True
467,True
5003,True
3745,True
1718,True
1036,True
2378,True
1234,True
5429,True
9966,True
8475,True
5540,True
4439,True
542,False
2147,True
820,False
5595,True
5752,True
2852,True
947,True
5340,True
8965,True
3447,True
9802,True
5000,True
9400,True
7025,True
1492,True
9314,True
2585,True
7535,True
9947,True
6566,True
6621,True
1523,True
9047,True
5119,True
1625,True
985,False
3194,True
3532,True
1336,True
777,True
7730,True
8016,True
1668,True
6726,True
9045,True
1432,True
2425,True
6699,True
915,False
9281,True
967,False
6219,True
7249,True
5564,True
1724,True
635,True
2984,True
9499,True
512,True
5287,True
2686,True
8492,True
6534,True
8490,True
795,False
2436,True
84,False
247,False
960,True
8845,True
4384,True
4669,True
607,True
1431,True
8145,True
8023,True
9097,True
2426,True
9012,True
4219,True
5770,True
4194,True
6832,True
6131,True
7564,True
4558,True
7141,True
236,False
3901,True
2126,True
201,False
5193,True
193,True
1604,True
2234,True
115,True
5126,True
8060,True
8393,True
357,False
6252,True
334,True
9046,True
651,True
2388,True
2123,True
8125,True
7541,True
7788,True
9024,True
6051,True
3228,True
1852,True
7280,True
5610,True
8483,True
2844,True
3491,True
4749,True
5048,True
7675,True
8183,True
800,True
2001,True
6692,True
63,False
9834,True
6442,True
3635,True
5295,True
6953,True
927,True
1309,True
4476,True
1351,True
1345,True
212,False
8981,True
2501,True
8604,True
5553,True
735,False
4119,True
2574,True
4407,True
898,False
9829,True
4033,True
7726,True
6521,True
7904,True
7314,True
2889,True
1227,True
467,False
155,False
4054,True
4646,True
6596,True
4066,True
436,True
2452,True
8982,True
8723,True
4192,True
8775,True
516,False
2697,True
997,False
5577,True
1422,True
48,True
6516,True
7221,True
6991,True
6588,True
4205,True
225,False
6664,True
8937,True
6282,True
9832,True
416,True
5858,True
693,True
2458,True
1425,True
8843,True
6810,True
5114,True
8164,True
8825,True
4968,True
9720,True
7554,True
6428,True
3008,True
3292,True
9112,True
5867,True
2763,True
6326,True
603,True
7342,True
1459,True
3856,True
7647,True
7444,True
1471,True
6617,True
9599,True
9738,True
5854,True
754,False
4398,True
3135,True
9978,True
2553,True
1577,True
9562,True
9576,True
5178,True
180,False
8924,True
8229,True
3972,True
9337,True
9652,True
104,True
5943,True
182,True
7422,True
1690,True
1328,True
4688,True
7633,True
880,True
6258,True
4180,True
5234,True
8847,True
3032,True
3051,True
5756,True
9948,True
598,False
731,True
6106,True
9555,True
976,False
5530,True
6886,True
1605,True
6254,True
5934,True
4386,True
133,False
7162,True
1104,True
7268,True
9052,True
843,False
7909,True
2297,True
130,False
1700,True
5651,True
4922,True
2087,True
4506,True
1537,True
4610,True
1731,True
9444,True
676,True
3219,True
4952,True
4300,True
3823,True
2966,True
4650,True
1747,True
1712,True
2076,True
7262,True
1527,True
129,False
1283,True
3024,True
6459,True
1921,True
3939,True
2757,True
6759,True
2825,True
9893,True
505,False
2607,True
1369,True
5149,True
2853,True
7257,True
1528,True
4482,True
6689,True
3217,True
160,False
2045,True
7129,True
342,True
4957,True
7114,True
390,True
7657,True
5730,True
609,True
1453,True
5110,True
1038,True
9767,True
9123,True
1449,True
2937,True
1771,True
8880,True
8594,True
9087,True
6145,True
404,True
8682,True
6335,True
1621,True
879,False
9964,True
7883,True
5300,True
2635,True
9969,True
278,False
9384,True
132,True
4467,True
361,True
8676,True
9074,True
328,True
490,True
2189,True
4061,True
1380,True
2604,True
4373,True
878,False
167,True
9976,True
2694,True
9007,True
2343,True
1958,True
4169,True
7586,True
848,False
2496,True
9192,True
5660,True
1699,True
4457,True
8773,True
8976,True
3530,True
722,True
9712,True
6179,True
2750,True
9454,True
5621,True
2162,True
421,False
6007,True
2505,True
2985,True
7602,True
8804,True
662,False
7888,True
6598,True
7396,True
830,False
7683,True
8923,True
5804,True
755,True
315,True
390,False
2650,True
8523,True
214,True
2256,True
6201,True
2136,True
7751,True
2173,True
3938,True
4754,True
4663,True
6151,True
7593,True
8921,True
5474,True
8437,True
4432,True
1509,True
1308,True
746,True
1303,True
6708,True
986,False
6191,True
5426,True
7209,True
1886,True
9514,True
971,False
356,False
2494,True
8176,True
6636,True
6824,True
6306,True
4412,True
2972,True
289,True
1801,True
8326,True
2882,True
8423,True
9427,True
3181,True
9256,True
3637,True
1058,True
9019,True
3666,True
8736,True
4609,True
7687,True
5620,True
6763,True
1342,True
793,False
2050,True
2832,True
7462,True
8201,True
73,True
1489,True
4634,True
8952,True
9415,True
825,True
4416,True
2727,True
4081,True
492,True
735,True
6286,True
3569,True
6715,True
8671,True
649,True
6312,True
44,False
8035,True
6235,True
3464,True
8476,True
7570,True
2748,True
4351,True
5921,True
9611,True
8246,True
5710,True
5038,True
4221,True
4964,True
5277,True
4528,True
2354,True
7126,True
4044,True
3759,True
6499,True
773,True
4757,True
5049,True
25,True
7641,True
4838,True
3086,True
2057,True
6354,True
3276,True
3872,True
8883,True
2922,True
3390,True
3058,True
6992,True
171,False
9941,True
216,False
3212,True
4178,True
2366,True
5306,True
6663,True
657,True
214,False
1785,True
388,False
8636,True
4833,True
766,False
5329,True
8293,True
9890,True
8631,True
6418,True
4928,True
4899,True
765,False
7175,True
167,False
8891,True
934,False
7737,True
271,False
6028,True
379,False
5262,True
909,True
7098,True
5194,True
5989,True
1978,True
932,True
5874,True
1974,True
1945,True
8302,True
1420,True
1536,True
5014,True
4700,True
112,False
4280,True
7590,True
8774,True
2934,True
6940,True
225,True
453,False
1030,True
1071,True
6025,True
2556,True
5771,True
7333,True
6958,True
8782,True
4924,True
5028,True
8836,True
9373,True
1349,True
7951,True
8815,True
8955,True
5010,True
9939,True
9342,True
7111,True
6519,True
3561,True
2765,True
468,False
2492,True
5348,True
8150,True
8306,True
7874,True
1125,True
4939,True
243,True
7427,True
2012,True
5967,True
8175,True
9992,True
7045,True
1216,True
218,False
7800,True
8383,True
2958,True
4726,True
3349,True
654,False
7592,True
7892,True
4363,True
106,False
7681,True
3848,True
282,True
3985,True
202,True
401,True
4402,True
9333,True
3438,True
4156,True
677,False
7941,True
2678,True
7036,True
3076,True
9198,True
4551,True
4972,True
9490,True
2152,True
3702,True
8776,True
5162,True
8387,True
1194,True
2941,True
3110,True
4193,True
550,False
8471,True
4553,True
637,False
7837,True
9896,True
2470,True
9849,True
5418,True
6856,True
7577,True
1490,True
8882,True
7961,True
7148,True
3796,True
1077,True
368,True
2518,True
3813,True
6669,True
9067,True
4658,True
3691,True
7989,True
340,False
3642,True
722,False
823,True
5407,True
699,True
634,False
7749,True
8470,True
7653,True
124,False
1379,True
350,False
7022,True
3026,True
4248,True
3425,True
9320,True
228,True
8070,True
3490,True
72,False
2472,True
1953,True
780,False
3631,True
8450,True
2259,True
5373,True
506,False
9293,True
252,True
268,False
9363,True
241,False
9124,True
3101,True
8090,True
8515,True
3119,True
930,True
1598,True
5841,True
4980,True
7451,True
8558,True
7693,True
8120,True
4368,True
7493,True
2186,True
7856,True
3416,True
6359,True
2946,True
1376,True
8398,True
7245,True
5953,True
9757,True
5606,True
57,True
5258,True
6497,True
837,False
9632,True
7950,True
5077,True
2063,True
3443,True
7439,True
740,False
5498,True
3224,True
4116,True
2370,True
8602,True
4112,True
7200,True
2276,True
8729,True
1793,True
7256,True
7117,True
897,False
457,False
2265,True
4113,True
7518,True
9916,True
3184,True
41,True
6215,True
6289,True
838,True
7029,True
7848,True
249,False
2182,True
1729,True
4683,True
7478,True
9315,True
6462,True
3758,True
8442,True
2970,True
8232,True
6482,True
5199,True
3190,True
3981,True
2079,True
9433,True
1764,True
4809,True
7312,True
3537,True
195,True
2016,True
7350,True
5186,True
1447,True
4264,True
93,True
2326,True
1644,True
174,False
3151,True
354,False
3411,True
772,True
7094,True
9405,True
2622,True
6230,True
4129,True
1987,True
474,True
3153,True
3465,True
397,True
8448,True
2943,True
4465,True
6088,True
307,False
2236,True
607,False
7649,True
2047,True
9085,True
13,False
6165,True
9056,True
1765,True
4812,True
3216,True
6169,True
2220,True
1689,True
8179,True
8251,True
8698,True
8279,True
7529,True
3138,True
6979,True
400,False
1238,True
7133,True
7569,True
9694,True
2513,True
9166,True
2462,True
8783,True
1836,True
8358,True
152,False
9724,True
7051,True
160,True
3632,True
1626,True
1971,True
6597,True
251,False
3930,True
3860,True
4545,True
8589,True
3091,True
5476,True
6196,True
6883,True
7081,True
8835,True
9321,True
3556,True
5205,True
7369,True
9051,True
4322,True
9688,True
194,False
444,True
640,True
3371,True
3256,True
3886,True
2606,True
3487,True
2921,True
1153,True
3585,True
5303,True
3588,True
3421,True
3198,True
9871,True
6488,True
1181,True
4831,True
5233,True
6057,True
5101,True
6393,True
321,True
3989,True
551,False
3818,True
7722,True
6714,True
4224,True
636,True
2468,True
2384,True
8601,True
5345,True
7668,True
279,True
6256,True
9937,True
312,False
2797,True
1820,True
211,False
8445,True
193,False
1143,True
5950,True
5133,True
1294,True
2552,True
8787,True
8329,True
6157,True
913,True
3699,True
8117,True
2840,True
9706,True
349,False
120,True
4072,True
2435,True
1586,True
9426,True
7767,True
6117,True
6768,True
4133,True
7918,True
4513,True
111,True
1246,True
3655,True
6780,True
533,False
5159,True
3226,True
1244,True
2581,True
4341,True
8811,True
1253,True
1847,True
3619,True
679,False
1295,True
7882,True
827,False
2771,True
3428,True
5423,True
8608,True
9477,True
4289,True
5125,True
1726,True
4442,True
9628,True
242,False
7231,True
35,True
3836,True
3444,True
4727,True
1721,True
5410,True
4099,True
330,False
2129,True
848,True
540,False
1632,True
1394,True
4301,True
3533,True
5643,True
1618,True
9034,True
7833,True
2992,True
1895,True
1542,True
9803,True
679,True
1727,True
5154,True
3811,True
2098,True
3075,True
627,True
9575,True
9708,True
8737,True
8716,True
8357,True
9196,True
3401,True
3815,True
446,False
6401,True
448,True
207,True
6318,True
6241,True
4975,True
981,True
8977,True
5672,True
4750,True
8323,True
6713,True
2980,True
9185,True
6367,True
8209,True
839,False
5195,True
5072,True
6618,True
4907,True
9974,True
9841,True
9055,True
221,False
1266,True
3476,True
2848,True
7617,True
8543,True
5238,True
150,False
1770,True
8932,True
951,False
4622,True
2019,True
6868,True
6190,True
9389,True
5274,True
9291,True
5473,True
2973,True
7246,True
1585,True
6084,True
671,False
8991,True
9227,True
304,False
9612,True
1052,True
6300,True
8740,True
380,False
4533,True
7831,True
9455,True
3526,True
917,False
3049,True
5813,True
6387,True
2108,True
756,False
1085,True
9687,True
6129,True
9002,True
6022,True
8178,True
766,True
1746,True
337,True
1008,True
6512,True
622,True
7446,True
3928,True
8098,True
6407,True
7239,True
7113,True
4993,True
3356,True
3507,True
4894,True
5282,True
8058,True
183,False
8528,True
3430,True
9463,True
5814,True
5775,True
2791,True
2621,True
7990,True
8814,True
7851,True
3615,True
4637,True
1962,True
7381,True
8823,True
6531,True
6259,True
4060,True
6938,True
4608,True
8316,True
6809,True
3942,True
5181,True
522,False
7438,True
691,True
6373,True
4822,True
2479,True
1455,True
6571,True
9623,True
5012,True
8950,True
3978,True
2987,True
7155,True
2026,True
7527,True
1600,True
308,False
9590,True
3341,True
1048,True
7648,True
8154,True
7426,True
5902,True
8909,True
5210,True
59,False
798,True
3665,True
5616,True
6535,True
2956,True
9484,True
8919,True
4108,True
2728,True
1310,True
469,False
1755,True
8607,True
8797,True
7858,True
3629,True
3672,True
1412,True
8884,True
7671,True
6654,True
292,False
7601,True
939,False
1674,True
9469,True
2939,True
922,False
9249,True
8455,True
4323,True
8110,True
7074,True
611,True
5393,True
498,False
8194,True
3551,True
4220,True
2211,True
5894,True
817,False
7068,True
2075,True
8730,True
3851,True
6380,True
8064,True
4320,True
691,False
8341,True
8939,True
4865,True
1562,True
769,False
5485,True
8521,True
3462,True
2497,True
4374,True
6988,True
1822,True
7394,True
313,True
437,True
7001,True
3609,True
9065,True
2712,True
239,False
6750,True
9936,True
802,False
9263,True
9084,True
4677,True
6939,True
591,False
126,True
3519,True
9287,True
9765,True
4613,True
8089,True
1959,True
9088,True
9833,True
2222,True
3020,True
1709,True
929,False
2418,True
1272,True
285,True
6239,True
3218,True
5324,True
7787,True
441,False
7608,True
9225,True
5686,True
323,False
8696,True
7957,True
171,True
7839,True
4602,True
5604,True
8004,True
8494,True
48,False
3514,True
8416,True
250,True
1667,True
7662,True
2089,True
4144,True
9023,True
3970,True
4207,True
7815,True
6337,True
6184,True
1464,True
5731,True
612,True
9071,True
2114,True
2200,True
7625,True
2751,True
4768,True
881,True
158,False
7595,True
5727,True
1232,True
1158,True
711,True
809,False
7659,True
6180,True
5404,True
5698,True
1773,True
4877,True
8409,True
4128,True
8974,True
5494,True
8066,True
586,True
9443,True
5536,True
1337,True
9102,True
205,False
959,True
200,True
5341,True
7469,True
946,False
2865,True
4978,True
2886,True
567,True
6711,True
3424,True
2042,True
2710,True
5558,True
4633,True
2582,True
4598,True
344,True
7251,True
9666,True
9137,True
572,True
7498,True
7754,True
559,False
9886,True
6694,True
6083,True
154,False
9538,True
6680,True
818,False
3955,True
373,True
8043,True
7419,True
6329,True
7273,True
9448,True
4166,True
929,True
980,False
4844,True
9558,True
1788,True
966,True
6823,True
7784,True
1445,True
9186,True
2702,True
6311,True
9559,True
9255,True
1381,True
3232,True
2154,True
517,True
7551,True
7900,True
229,True
78,False
2175,True
360,True
2372,True
684,False
801,True
6037,True
592,False
2077,True
4639,True
7102,True
1466,True
4408,True
2642,True
5612,True
7400,True
1792,True
5145,True
1362,True
455,False
1254,True
6538,True
5703,True
8214,True
6,True
578,False
1850,True
2857,True
5676,True
7461,True
9650,True
6957,True
7198,True
280,True
7779,True
2779,True
979,False
9323,True
5230,True
4565,True
1129,True
4356,True
2823,True
41,False
474,False
8637,True
1702,True
8034,True
1387,True
4276,True
8292,True
8744,True
4067,True
486,True
5093,True
8761,True
9380,True
6540,True
3743,True
3375,True
5878,True
4527,True
9195,True
569,True
1500,True
87,True
3960,True
9081,True
377,False
5326,True
2528,True
4450,True
1949,True
1825,True
4138,True
6029,True
6845,True
8702,True
7407,True
3413,True
6035,True
2266,True
7936,True
5552,True
5795,True
9336,True
315,False
6039,True
9800,True
6194,True
4017,True
9675,True
6745,True
556,False
1783,True
949,False
4951,True
264,True
5957,True
9880,True
4359,True
1105,True
4582,True
8312,True
973,False
5039,True
1584,True
3237,True
1374,True
8212,True
6570,True
81,False
2428,True
9370,True
9266,True
3573,True
537,False
7835,True
637,True
9040,True
7559,True
3664,True
6450,True
7136,True
9968,True
3622,True
5542,True
841,True
5535,True
5999,True
2179,True
675,False
438,False
1908,True
3618,True
386,False
2293,True
6320,True
757,False
2894,True
9145,True
1469,True
6456,True
865,False
1767,True
5387,True
9378,True
2095,True
6086,True
565,True
7764,True
8562,True
5773,True
7646,True
118,True
1062,True
9276,True
8477,True
9795,True
254,True
7429,True
6443,True
333,False
1518,True
1851,True
2931,True
4684,True
7460,True
4262,True
7847,True
2530,True
1610,True
3689,True
1629,True
7720,True
9260,True
681,True
708,True
5165,True
5257,True
485,True
2460,True
3719,True
2502,True
5802,True
1399,True
2988,True
5073,True
5142,True
1546,True
480,True
9265,True
1481,True
959,False
3931,True
8359,True
8106,True
8646,True
1502,True
2080,True
8579,True
8083,True
5239,True
2536,True
2469,True
2665,True
873,True
356,True
301,True
1323,True
2205,True
4461,True
5928,True
6855,True
5555,True
277,False
2534,True
8159,True
1815,True
611,False
6240,True
7464,True
8553,True
7002,True
8137,True
279,False
5917,True
7869,True
399,True
638,True
2118,True
114,False
4953,True
1261,True
527,False
4676,True
2632,True
567,False
5509,True
2944,True
9885,True
6536,True
887,True
3139,True
7558,True
6150,True
113,True
4357,True
267,True
2881,True
1499,True
1313,True
2371,True
3423,True
8226,True
5839,True
7443,True
228,False
8013,True
5843,True
7258,True
7108,True
2566,True
7885,True
461,False
3445,True
792,True
8318,True
2565,True
2834,True
8651,True
961,False
8497,True
6098,True
4740,True
3806,True
9200,True
6377,True
1695,True
4147,True
3118,True
6506,True
6400,True
5991,True
6655,True
7259,True
9278,True
6352,True
7179,True
1778,True
2055,True
4770,True
9194,True
6533,True
2196,True
705,False
7792,True
8966,True
3187,True
1627,True
1331,True
2226,True
6204,True
6867,True
1275,True
8432,True
4492,True
278,True
1255,True
4146,True
8948,True
8957,True
8439,True
7435,True
4518,True
3555,True
122,False
1728,True
661,True
4908,True
9951,True
2398,True
4158,True
434,True
6753,True
1271,True
5807,True
77,True
7763,True
8188,True
1256,True
1046,True
4919,True
2938,True
2743,True
3319,True
3784,True
8076,True
4781,True
6330,True
148,False
7237,True
546,True
6779,True
3558,True
3831,True
6736,True
6110,True
3915,True
3456,True
6831,True
4007,True
1124,True
8580,True
767,True
1174,True
9760,True
8623,True
6896,True
9673,True
262,True
1019,True
5047,True
3874,True
4738,True
1012,True
6622,True
736,True
2240,True
9139,True
7046,True
7118,True
4456,True
3868,True
3109,True
5653,True
6982,True
3006,True
4680,True
6001,True
8118,True
2910,True
5693,True
4557,True
6092,True
7318,True
6522,True
4763,True
3120,True
9286,True
4716,True
8205,True
9004,True
1505,True
7508,True
5007,True
3240,True
9016,True
4519,True
9522,True
4235,True
6629,True
414,True
8264,True
7050,True
1423,True
5729,True
8668,True
9881,True
5630,True
7467,True
7916,True
2299,True
1929,True
7000,True
5027,True
2508,True
156,True
6996,True
944,False
9610,True
8079,True
2540,True
669,True
1022,True
4645,True
8547,True
8065,True
5220,True
227,False
2320,True
6212,True
336,False
1652,True
883,True
33,True
88,False
6657,True
4103,True
7146,True
668,True
401,False
2608,True
8311,True
1909,True
9235,True
9284,True
5972,True
5095,True
7409,True
6547,True
6490,True
8156,True
4171,True
2449,True
3054,True
9151,True
9923,True
157,False
1493,True
5567,True
6147,True
7425,True
9480,True
1736,True
1879,True
598,True
7487,True
1258,True
34,False
926,False
8411,True
7164,True
6735,True
3305,True
365,False
6115,True
9779,True
751,True
1021,True
789,True
2880,True
7,False
4756,True
294,True
2957,True
1322,True
5728,True
6771,True
8953,True
9651,True
1558,True
2774,True
8526,True
8548,True
8768,True
3173,True
9001,True
2487,True
8704,True
7013,True
3084,True
3828,True
944,True
6216,True
7234,True
2402,True
4963,True
1145,True
9332,True
317,False
8695,True
2,True
9307,True
7496,True
6564,True
5060,True
295,False
2533,True
7061,True
653,True
5456,True
8297,True
6475,True
8563,True
3776,True
8643,True
3463,True
8660,True
6574,True
744,True
3407,True
4355,True
2589,True
7466,True
7032,True
4629,True
9529,True
2616,True
633,True
4652,True
2968,True
3504,True
9582,True
590,True
7171,True
7371,True
886,True
3690,True
4082,True
6333,True
9404,True
3998,True
4591,True
3048,True
7484,True
362,True
2027,True
9246,True
5246,True
828,True
869,False
643,True
454,False
8190,True
8458,True
1016,True
662,True
5089,True
4744,True
2082,True
2167,True
5808,True
70,True
9907,True
5180,True
8841,True
2626,True
8157,True
376,False
5782,True
7289,True
3196,True
5408,True
2409,True
2637,True
874,False
2221,True
6986,True
341,False
8327,True
8207,True
6385,True
5024,True
5896,True
6042,True
8520,True
7186,True
3857,True
2895,True
4058,True
888,False
5984,True
9153,True
2656,True
9502,True
6539,True
3412,True
9639,True
9,True
9949,True
9440,True
2453,True
367,False
5574,True
5905,True
3065,True
8168,True
5533,True
1956,True
9304,True
737,False
9365,True
714,False
496,False
1482,True
4244,True
9150,True
2730,True
2903,True
2493,True
4126,True
3477,True
284,True
3417,True
2036,True
820,True
561,False
8173,True
3876,True
7197,True
9351,True
524,True
9155,True
891,True
3592,True
8551,True
4670,True
8254,True
9736,True
1529,True
6292,True
2942,True
7052,True
6406,True
498,True
2546,True
2782,True
6501,True
5079,True
7248,True
4246,True
379,True
7144,True
2580,True
5196,True
4864,True
6303,True
237,False
447,False
190,True
6884,True
7973,True
6483,True
1720,True
9230,True
805,False
20,True
4415,True
7766,True
7297,True
6630,True
3888,True
2866,True
8554,True
2046,True
8624,True
9990,True
6116,True
5102,True
9254,True
9191,True
325,False
9957,True
4271,True
7895,True
189,True
436,False
4906,True
150,True
8017,True
22,True
1975,True
868,False
9714,True
5427,True
7881,True
4538,True
4753,True
2355,True
8510,True
3862,True
1382,True
1807,True
9723,True
2798,True
6058,True
6743,True
936,False
550,True
7494,True
8940,True
2706,True
7347,True
1288,True
9601,True
480,False
5035,True
6565,True
3372,True
2817,True
9077,True
8994,True
241,True
9173,True
530,False
7110,True
243,False
6994,True
2103,True
5623,True
4436,True
2414,True
4990,True
2829,True
3603,True
4516,True
4857,True
3515,True
2389,True
8084,True
8550,True
864,True
1868,True
6484,True
4084,True
503,True
3441,True
7132,True
5674,True
7613,True
3804,True
769,True
884,True
5656,True
6641,True
9513,True
64,False
8003,True
2526,True
9690,True
2440,True
4005,True
1286,True
226,True
5388,True
7075,True
3593,True
710,True
2340,True
1866,True
98,True
4986,True
1401,True
1982,True
8112,True
9667,True
5931,True
5135,True
4353,True
4892,True
2595,True
5051,True
5158,True
7912,True
1250,True
4673,True
1465,True
9579,True
605,False
6087,True
5726,True
1398,True
4766,True
5358,True
5522,True
2761,True
7752,True
992,False
4367,True
2022,True
1196,True
4512,True
1133,True
2285,True
8459,True
5658,True
4944,True
2385,True
5399,True
3451,True
5299,True
1011,True
9156,True
2643,True
8460,True
7226,True
9345,True
2676,True
1236,True
9316,True
5799,True
8062,True
4994,True
432,False
8451,True
8844,True
3446,True
4296,True
5823,True
9997,True
8227,True
6716,True
1842,True
9184,True
734,True
462,True
2739,True
1206,True
8228,True
2319,True
3064,True
599,True
9068,True
3351,True
302,False
3544,True
400,True
3321,True
7642,True
1776,True
300,False
514,True
3162,True
840,False
5140,True
348,False
291,False
2544,True
3041,True
4631,True
5245,True
814,True
2067,True
9615,True
2206,True
2752,True
4987,True
9583,True
9901,True
703,True
829,True
6285,True
7891,True
1035,True
8678,True
219,True
6361,True
8712,True
3548,True
8078,True
2328,True
5360,True
8795,True
8806,True
7710,True
9988,True
16,True
331,False
3643,True
6417,True
2786,True
6468,True
821,True
4623,True
2677,True
5605,True
4008,True
5510,True
516,True
8128,True
8010,True
7383,True
2048,True
5838,True
6347,True
581,False
8778,True
9943,True
600,True
2749,True
9756,True
3255,True
4313,True
2917,True
2839,True
9467,True
3235,True
5599,True
9925,True
3839,True
9918,True
8405,True
8482,True
3036,True
4950,True
487,True
4966,True
7803,True
592,True
7103,True
1608,True
9261,True
7910,True
5830,True
4195,True
1098,True
9577,True
6228,True
2074,True
549,False
357,True
2849,True
4848,True
3365,True
8578,True
311,True
3314,True
7332,True
3130,True
253,True
4111,True
1961,True
4299,True
4132,True
3404,True
435,True
589,True
4001,True
6061,True
3122,True
8248,True
6697,True
6802,True
2382,True
6164,True
12,True
4752,True
5544,True
3803,True
6355,True
7965,True
102,False
1530,True
4636,True
3262,True
582,False
916,False
5021,True
3579,True
1220,True
9663,True
9935,True
8371,True
1495,True
4615,True
6724,True
8404,True
9701,True
7866,True
4107,True
2527,True
3969,True
4383,True
855,False
5483,True
8794,True
3385,True
6297,True
859,False
1878,True
3148,True
1507,True
4130,True
3169,True
6403,True
9669,True
4801,True
1844,True
3043,True
8863,True
1980,True
4535,True
5175,True
7474,True
2117,True
2639,True
8338,True
5020,True
7392,True
3714,True
1688,True
7417,True
5785,True
5115,True
6656,True
5652,True
902,True
1134,True
7820,True
1108,True
4973,True
3059,True
7143,True
8037,True
588,False
5491,True
8809,True
6731,True
7780,True
768,True
4849,True
7229,True
811,False
409,False
617,True
984,False
2138,True
8864,True
795,True
4911,True
3837,True
4984,True
7482,True
9806,True
3875,True
4733,True
192,False
9349,True
8960,True
3840,True
8610,True
1325,True
645,False
2164,True
8143,True
3756,True
2110,True
1087,True
4077,True
8944,True
4253,True
4534,True
127,False
8129,True
4765,True
1569,True
797,False
1237,True
914,False
7016,True
2304,True
375,False
1603,True
667,False
8687,True
9870,True
9215,True
8770,True
7620,True
6156,True
4974,True
6458,True
1539,True
6284,True
908,True
847,True
7120,True
461,True
9387,True
813,True
8881,True
1522,True
6679,True
5889,True
1054,True
5986,True
7635,True
2218,True
1806,True
6487,True
3741,True
785,False
4139,True
5276,True
9744,True
6474,True
3260,True
2157,True
4832,True
776,True
2859,True
3926,True
1870,True
6152,True
8307,True
4785,True
3598,True
8571,True
1533,True
4287,True
7044,True
2273,True
4748,True
9154,True
9613,True
6183,True
3343,True
6734,True
5554,True
6891,True
4433,True
1942,True
4991,True
9392,True
1732,True
1503,True
9479,True
6451,True
322,False
4223,True
2165,True
8015,True
947,False
9554,True
819,True
6658,True
7476,True
9766,True
8993,True
9324,True
8557,True
67,False
7215,True
8946,True
9223,True
3737,True
30,True
7682,True
4013,True
7468,True
1654,True
3400,True
7082,True
8278,True
1468,True
3208,True
8151,True
1226,True
3278,True
4941,True
3562,True
3799,True
165,False
2682,True
9436,True
5023,True
862,True
686,False
796,False
450,True
9535,True
6978,True
2913,True
55,False
7582,True
1119,True
1913,True
5877,True
1786,True
4420,True
91,True
8963,True
352,False
394,False
4552,True
7048,True
1353,True
6321,True
2337,True
299,False
430,True
5754,True
3154,True
563,False
8934,True
8720,True
521,False
4057,True
2062,True
5977,True
5832,True
409,True
7364,True
8812,True
6976,True
681,False
6530,True
6186,True
136,True
3677,True
2925,True
2740,True
7631,True
6224,True
7981,True
3720,True
5562,True
69,False
4897,True
9510,True
8753,True
9697,True
2900,True
532,True
2280,True
8684,True
8465,True
8779,True
9839,True
8617,True
983,False
9326,True
3891,True
339,True
6747,True
4635,True
5765,True
7436,True
3597,True
442,False
8609,True
1047,True
6971,True
8185,True
34,True
8632,True
9252,True
8936,True
475,False
6695,True
7096,True
7437,True
5627,True
4999,True
1635,True
4358,True
1916,True
5247,True
7491,True
7220,True
8334,True
9527,True
7517,True
6392,True
9625,True
8373,True
8163,True
9631,True
7836,True
6720,True
8220,True
9135,True
6265,True
2837,True
3768,True
6325,True
3680,True
497,True
1859,True
2478,True
5103,True
5121,True
3987,True
170,True
3079,True
6255,True
997,True
8166,True
3683,True
1662,True
3716,True
8642,True
9878,True
6828,True
6873,True
234,True
3523,True
7354,True
2081,True
8938,True
1117,True
4046,True
6969,True
198,True
631,False
6159,True
9945,True
4012,True
3668,True
5790,True
5940,True
547,True
9094,True
4037,True
8599,True
8400,True
1887,True
3204,True
564,True
8949,True
6858,True
4790,True
6970,True
9273,True
7015,True
5343,True
739,False
3161,True
2796,True
6872,True
6755,True
237,True
1050,True
8158,True
4800,True
6812,True
771,False
5428,True
3395,True
8807,True
65,False
3847,True
7597,True
7497,True
298,True
3557,True
1116,True
5495,True
1803,True
8597,True
3042,True
1438,True
5707,True
2978,True
4336,True
444,False
5254,True
9605,True
455,True
5539,True
2974,True
6435,True
8216,True
8364,True
105,True
1893,True
4823,True
7599,True
9093,True
5922,True
3378,True
3899,True
9177,True
2975,True
8802,True
822,True
7738,True
8516,True
5711,True
7576,True
1005,True
4292,True
288,False
2653,True
8131,True
9157,True
6481,True
1395,True
6602,True
715,False
6121,True
6336,True
2072,True
6860,True
626,True
6370,True
7817,True
1364,True
6552,True
3829,True
560,False
23,True
273,False
920,False
1943,True
9774,True
4526,True
720,True
2843,True
8627,True
3946,True
5774,True
6548,True
431,False
6411,True
927,False
2877,True
5401,True
4167,True
3909,True
7807,True
1210,True
6243,True
178,True
9991,True
958,False
7739,True
619,True
8369,True
8902,True
2623,True
2560,True
9586,True
8959,True
9523,True
4189,True
310,True
8662,True
4238,True
9763,True
36,False
8009,True
3771,True
1932,True
3035,True
5702,True
5398,True
9816,True
8630,True
6604,True
9013,True
553,False
40,True
5981,True
826,True
7644,True
7931,True
4813,True
6020,True
7431,True
3132,True
8854,True
7519,True
9485,True
9564,True
9421,True
9199,True
9299,True
6985,True
905,False
7442,True
7449,True
7600,True
864,False
527,True
3489,True
6149,True
3295,True
5753,True
2318,True
6043,True
2691,True
6278,True
4448,True
6846,True
8710,True
894,True
4585,True
4620,True
3971,True
210,False
910,True
2541,True
2005,True
4599,True
558,True
124,True
7077,True
1470,True
5649,True
5380,True
8619,True
8591,True
8585,True
5190,True
2018,True
1774,True
1212,True
1183,True
224,True
8533,True
8861,True
1951,True
9219,True
5136,True
428,True
887,False
1371,True
5453,True
4780,True
747,False
3251,True
827,True
3309,True
7351,True
8294,True
4728,True
9827,True
3744,True
8299,True
38,False
8918,True
5337,True
2525,True
1671,True
5556,True
5493,True
7106,True
2858,True
1277,True
6396,True
745,True
7267,True
5844,True
9450,True
4693,True
141,True
5,False
4900,True
9874,True
5301,True
2577,True
9847,True
2248,True
454,True
4868,True
8249,True
506,True
5016,True
3651,True
440,True
3250,True
9618,True
9750,True
6576,True
9319,True
1827,True
7634,True
110,True
535,False
9801,True
2996,True
9853,True
3200,True
1517,True
984,True
714,True
1745,True
5801,True
7005,True
6921,True
1582,True
5066,True
2447,True
5938,True
6965,True
8388,True
9104,True
3098,True
9432,True
376,True
630,False
205,True
7506,True
7375,True
6307,True
7553,True
2194,True
5472,True
7184,True
9312,True
8560,True
9475,True
2178,True
6032,True
3701,True
633,False
6513,True
3528,True
418,True
283,True
7922,True
3550,True
4074,True
871,True
2145,True
8742,True
354,True
8908,True
9671,True
2362,True
9241,True
159,False
5945,True
8567,True
5261,True
7791,True
5755,True
1140,True
5692,True
8231,True
5565,True
7632,True
761,False
5697,True
4186,True
6543,True
9305,True
4554,True
2023,True
1633,True
1638,True
778,True
9746,True
7884,True
4521,True
3735,True
375,True
2422,True
4979,True
5696,True
4787,True
7962,True
3630,True
9711,True
6019,True
6859,True
4722,True
7042,True
8308,True
507,False
8857,True
4413,True
3346,True
1168,True
9285,True
1902,True
630,True
4604,True
488,False
2594,True
7938,True
176,True
7615,True
3897,True
8256,True
7413,True
673,False
3786,True
3933,True
1550,True
50,False
3366,True
1599,True
5748,True
526,False
7867,True
3205,True
2509,True
8625,True
2439,True
4530,True
665,False
1416,True
5260,True
8756,True
1415,True
4331,True
4396,True
5925,True
8978,True
6608,True
166,False
4958,True
9244,True
776,False
5236,True
872,True
935,True
6454,True
8487,True
2263,True
1933,True
8576,True
9735,True
928,True
6009,True
4377,True
115,False
25,False
8726,True
4435,True
853,False
897,True
3956,True
9962,True
724,True
3018,True
5252,True
568,True
3099,True
4547,True
220,False
8261,True
19,False
992,True
3373,True
2166,True
6973,True
5315,True
248,False
4030,True
8036,True
6133,True
7985,True
9993,True
872,False
779,False
729,False
8755,True
4675,True
7356,True
3902,True
613,True
2090,True
719,True
7452,True
6416,True
6397,True
2183,True
5118,True
7447,True
6761,True
151,False
7920,True
4035,True
8454,True
8824,True
2802,True
562,False
3895,True
7165,True
5475,True
545,True
3209,True
6829,True
9303,True
429,True
482,False
1979,True
198,False
2216,True
268,True
595,False
17,True
6717,True
4874,True
4739,True
1504,True
3469,True
7424,True
6366,True
8575,True
3535,True
2160,True
8276,True
5607,True
635,False
1552,True
76,True
8191,True
266,False
68,False
3957,True
3499,True
1079,True
7274,True
3914,True
4943,True
360,False
9804,True
3513,True
4117,True
9549,True
8147,True
6767,True
7325,True
9495,True
744,False
3824,True
7921,True
4330,True
2197,True
3967,True
925,False
6422,True
502,False
3279,True
9633,True
6170,True
7880,True
9670,True
8376,True
606,False
4153,True
4085,True
1472,True
9703,True
1203,True
1454,True
9428,True
7410,True
6882,True
7605,True
5664,True
4561,True
3602,True
5104,True
1304,True
792,False
5391,True
5328,True
1643,True
5134,True
6236,True
9828,True
1164,True
7224,True
1292,True
4638,True
8508,True
9879,True
9431,True
8732,True
3050,True
8901,True
4661,True
263,True
5420,True
9280,True
5198,True
6074,True
2835,True
3426,True
3386,True
3403,True
8810,True
1693,True
5713,True
8046,True
602,False
6283,True
3055,True
32,True
5901,True
114,True
6384,True
9861,True
1347,True
3789,True
5459,True
9231,True
1413,True
2445,True
5947,True
8086,True
7320,True
398,False
8360,True
5717,True
9176,True
3307,True
1408,True
9654,True
6635,True
749,True
3128,True
2787,True
9406,True
9221,True
5879,True
666,True
8820,True
1135,True
528,True
324,False
9837,True
4443,True
3591,True
7411,True
6244,True
224,False
861,True
2781,True
4199,True
9975,True
803,False
1548,True
6298,True
1597,True
7142,True
1467,True
3288,True
7389,True
5573,True
7116,True
7565,True
9931,True
1525,True
1123,True
405,False
7705,True
8418,True
6476,True
3669,True
746,False
2137,True
8071,True
40,False
1340,True
3686,True
2879,True
6441,True
62,False
707,True
87,False
625,False
489,True
3728,True
291,True
9274,True
3832,True
1655,True
5506,True
9269,True
4422,True
9213,True
9911,True
1840,True
2512,True
2065,True
103,True
9033,True
651,False
523,True
8258,True
9593,True
1939,True
2666,True
9638,True
4584,True
4065,True
8538,True
5112,True
2106,True
9130,True
672,False
6351,True
6415,True
6346,True
5820,True
10,True
8688,True
2097,True
5074,True
774,True
8690,True
759,True
5032,True
6316,True
6171,True
9921,True
7088,True
7423,True
1479,True
7970,True
8140,True
5394,True
6839,True
5662,True
71,True
9569,True
6704,True
6126,True
8724,True
824,True
5815,True
347,True
2807,True
6865,True
9530,True
8165,True
468,True
8223,True
4632,True
341,True
8784,True
6091,True
1619,True
5082,True
2490,True
9117,True
2660,True
882,False
1927,True
2833,True
5179,True
8707,True
6861,True
3180,True
8913,True
1653,True
688,True
9641,True
2861,True
8980,True
7850,True
3096,True
463,False
6878,True
996,False
382,True
404,False
829,False
1531,True
9425,True
338,True
6817,True
2347,True
8788,True
1251,True
3670,True
7740,True
3453,True
9338,True
655,True
7457,True
4876,True
9070,True
6628,True
4388,True
7594,True
2357,True
4204,True
7335,True
4326,True
120,False
3650,True
8343,True
7546,True
5961,True
2073,True
782,True
4493,True
166,True
7849,True
7073,True
9506,True
45,False
6105,True
5892,True
2489,True
5738,True
142,True
5336,True
752,False
2499,True
91,False
6557,True
6319,True
4333,True
1758,True
9995,True
866,True
359,False
5415,True
4387,True
1697,True
4395,True
6313,True
8519,True
7762,True
5678,True
3108,True
5322,True
6983,True
9325,True
9116,True
9346,True
6203,True
8593,True
5983,True
1346,True
7552,True
7708,True
2391,True
1267,True
4901,True
1443,True
8377,True
9043,True
5847,True
2085,True
9553,True
8288,True
2119,True
139,False
7023,True
1,True
1752,True
8661,True
4672,True
3825,True
260,True
4025,True
1223,True
1377,True
7306,True
8,False
535,True
998,False
7991,True
6518,True
2212,True
6277,True
7887,True
9465,True
4502,True
8433,True
1926,True
2603,True
526,True
7966,True
1159,True
9491,True
889,False
2960,True
2252,True
2088,True
6227,True
4525,True
6162,True
9753,True
9014,True
6903,True
4349,True
7317,True
320,True
6144,True
8941,True
5042,True
1084,True
8898,True
7428,True
1191,True
3827,True
4846,True
7089,True
9317,True
2803,True
1864,True
7160,True
6054,True
721,False
9042,True
6279,True
1805,True
203,False
4366,True
8362,True
2041,True
4440,True
1233,True
5911,True
33,False
5169,True
7387,True
9963,True
3819,True
222,False
9771,True
666,False
2949,True
8461,True
1890,True
677,True
3097,True
9677,True
1296,True
7628,True
4391,True
5166,True
4149,True
2239,True
3900,True
8008,True
3342,True
6102,True
8493,True
365,True
4198,True
6888,True
2795,True
6827,True
3694,True
4405,True
3005,True
9197,True
3254,True
544,True
5447,True
4485,True
4946,True
5956,True
6260,True
6358,True
825,False
5141,True
1894,True
3004,True
1898,True
832,True
6323,True
9967,True
8126,True
1512,True
6362,True
7770,True
876,False
335,False
3882,True
1075,True
823,False
2202,True
7997,True
6453,True
2111,True
7889,True
7062,True
2602,True
7378,True
7211,True
1361,True
2009,True
1835,True
8555,True
2764,True
6915,True
3807,True
6523,True
1679,True
3589,True
2356,True
8663,True
6616,True
9869,True
4810,True
764,False
2068,True
4389,True
879,True
6909,True
429,False
4959,True
3121,True
7095,True
4478,True
6741,True
8999,True
1020,True
1073,True
5849,True
58,True
8478,True
5334,True
6789,True
7557,True
1068,True
4451,True
3068,True
5164,True
6291,True
9791,True
439,False
4612,True
8484,True
3289,True
1799,True
9845,True
7878,True
2500,True
7242,True
914,True
8019,True
4288,True
3795,True
3721,True
7560,True
6274,True
6055,True
9022,True
5614,True
1173,True
8598,True
305,False
759,False
1405,True
8242,True
8361,True
2813,True
309,True
5508,True
4090,True
5670,True
367,True
570,True
7611,True
706,False
1541,True
726,False
8366,True
4644,True
5365,True
6127,True
5041,True
8146,True
96,False
72,True
4829,True
5090,True
4858,True
7863,True
6233,True
4269,True
6952,True
414,False
3736,True
9850,True
6948,True
7054,True
7283,True
7271,True
1780,True
6447,True
1534,True
3105,True
3765,True
4960,True
3330,True
8947,True
9905,True
7772,True
4394,True
5995,True
3962,True
4256,True
1784,True
7205,True
1029,True
8711,True
7210,True
5319,True
1914,True
238,True
7555,True
9794,True
395,True
4190,True
5881,True
1983,True
1936,True
3364,True
9926,True
2618,True
1033,True
932,False
604,True
9352,True
397,False
4902,True
4208,True
1321,True
6167,True
2576,True
176,False
6914,True
5273,True
6688,True
9622,True
3754,True
5666,True
370,False
3380,True
4318,True
101,False
289,False
7090,True
3932,True
1742,True
9578,True
9512,True
7456,True
9557,True
368,False
2841,True
9900,True
4209,True
9606,True
8219,True
7275,True
3568,True
7896,True
6492,True
2176,True
4621,True
2521,True
639,False
2444,True
7604,True
3312,True
5791,True
7035,True
1964,True
877,True
230,False
807,False
5735,True
4109,True
481,True
391,False
8464,True
7313,True
6520,True
524,False
6647,True
2918,True
4041,True
723,False
4995,True
599,False
682,False
8480,True
7397,True
9944,True
9175,True
1809,True
6317,True
204,True
3509,True
1162,True
6774,True
86,True
5965,True
9238,True
2207,True
3046,True
7747,True
4717,True
5909,True
9069,True
9524,True
8556,True
3980,True
9856,True
3975,True
7679,True
8545,True
9933,True
999,True
3172,True
107,False
5184,True
995,True
8412,True
2401,True
536,False
9821,True
1044,True
3821,True
8441,True
2007,True
5288,True
9505,True
4659,True
9551,True
3466,True
7214,True
9589,True
4481,True
7492,True
4618,True
591,True
9726,True
2225,True
518,True
7870,True
5684,True
4691,True
3104,True
9138,True
4062,True
6603,True
5982,True
1650,True
6056,True
663,False
1816,True
4851,True
6898,True
2634,True
1327,True
4735,True
1053,True
43,True
7,True
8672,True
7906,True
5590,True
471,True
2322,True
8091,True
7643,True
8846,True
428,False
4404,True
464,True
4563,True
1691,True
8889,True
2230,True
7579,True
941,False
8257,True
1348,True
2480,True
5528,True
2149,True
2096,True
6188,True
5091,True
6467,True
9290,True
7233,True
6205,True
9369,True
4225,True
4136,True
849,True
1821,True
417,True
3718,True
9526,True
9655,True
4173,True
1922,True
9855,True
583,False
5489,True
3761,True
2102,True
9681,True
4155,True
2232,True
384,False
8574,True
574,False
6301,True
4931,True
29,True
8513,True
1823,True
6920,True
3697,True
9240,True
3684,True
3344,True
5968,True
7993,True
9521,True
8771,True
9971,True
9129,True
9645,True
6511,True
3280,True
6389,True
2947,True
3167,True
8289,True
7004,True
2412,True
6308,True
2245,True
7584,True
4606,True
447,True
5772,True
5993,True
6964,True
14,True
4393,True
9343,True
5663,True
5504,True
3794,True
6226,True
8170,True
509,False
2342,True
286,True
3843,True
4218,True
2312,True
8971,True
5750,True
7270,True
4019,True
2052,True
9769,True
6660,True
5004,True
4446,True
364,False
165,True
9895,True
8852,True
6391,True
1339,True
7043,True
1138,True
6302,True
7753,True
9859,True
2188,True
3973,True
5228,True
299,True
775,False
6541,True
1615,True
5327,True
9811,True
5659,True
3081,True
3142,True
6066,True
1427,True
5243,True
5624,True
4148,True
846,True
8443,True
3034,True
410,False
8998,True
31,True
8907,True
9540,True
811,True
9989,True
1484,True
3459,True
5855,True
2144,True
458,False
6452,True
3191,True
9456,True
8766,True
7810,True
330,True
3510,True
655,False
5611,True
9053,True
6874,True
1198,True
5207,True
4423,True
3951,True
1088,True
9897,True
2515,True
8195,True
3724,True
4040,True
7923,True
2459,True
549,True
132,False
5581,True
2300,True
4360,True
3095,True
9341,True
8092,True
918,True
5160,True
9776,True
2601,True
3633,True
8659,True
5097,True
4630,True
774,False
4170,True
1888,True
9742,True
5805,True
4861,True
6120,True
8213,True
1204,True
6524,True
2673,True
5625,True
7357,True
6631,True
9239,True
3247,True
528,False
4390,True
6073,True
9359,True
810,True
6785,True
940,False
1368,True
1520,True
628,False
1205,True
7238,True
2332,True
4034,True
3849,True
4226,True
9147,True
859,True
2033,True
1315,True
8498,True
7122,True
4719,True
7638,True
4784,True
55,True
1366,True
7293,True
3924,True
7504,True
2506,True
7199,True
5875,True
7458,True
8654,True
1573,True
4888,True
308,True
6507,True
579,True
1705,True
7276,True
6651,True
5107,True
9574,True
2994,True
7178,True
5130,True
5900,True
696,True
6477,True
6955,True
6332,True
9144,True
9062,True
858,False
9383,True
9168,True
7063,True
5803,True
957,True
5914,True
7006,True
5269,True
6071,True
353,True
4827,True
4798,True
544,False
6758,True
9609,True
9518,True
7281,True
3246,True
501,True
240,False
608,False
1007,True
7152,True
2171,True
5383,True
4464,True
555,False
9374,True
1318,True
4589,True
4429,True
1475,True
8871,True
6932,True
5317,True
8038,True
8572,True
9985,True
5831,True
4163,True
8669,True
8095,True
1613,True
5268,True
425,True
7746,True
9659,True
8391,True
9395,True
143,True
3820,True
7724,True
4345,True
8496,True
4788,True
7661,True
9103,True
861,False
4681,True
5369,True
2309,True
2112,True
834,True
593,True
7732,True
5008,True
2131,True
765,True
123,False
146,True
394,True
7701,True
8600,True
3808,True
8237,True
7721,True
3494,True
2184,True
3336,True
2159,True
6732,True
7485,True
5712,True
3410,True
9873,True
3497,True
2071,True
1367,True
2364,True
7709,True
819,False
9122,True
3512,True
6364,True
3501,True
4574,True
3141,True
6041,True
1247,True
8798,True
74,True
5860,True
7334,True
2396,True
8305,True
986,True
8347,True
4843,True
5959,True
8414,True
5598,True
5761,True
7699,True
4131,True
8834,True
1761,True
4263,True
4212,True
4043,True
530,True
564,False
5124,True
3954,True
7814,True
5063,True
5720,True
223,True
7907,True
695,False
1779,True
1025,True
6568,True
3778,True
8273,True
9620,True
2716,True
6206,True
9545,True
6993,True
3482,True
4653,True
3402,True
6253,True
5725,True
6794,True
3869,True
5741,True
5800,True
1378,True
7398,True
1551,True
3136,True
8503,True
1631,True
4260,True
4453,True
6504,True
3810,True
5466,True
9793,True
5923,True
128,True
1009,True
1290,True
5342,True
201,True
3695,True
7440,True
832,False
5517,True
5913,True
954,True
4020,True
9021,True
2361,True
8149,True
4689,True
9162,True
8394,True
8021,True
982,True
3696,True
6142,True
6076,True
2380,True
2486,True
6470,True
3206,True
5958,True
3089,True
6166,True
1187,True
6425,True
6438,True
4447,True
7499,True
3919,True
1595,True
4092,True
8234,True
910,False
6245,True
3347,True
471,False
5168,True
1273,True
574,True
144,True
9048,True
6272,True
8061,True
6143,True
2620,True
4914,True
5994,True
603,False
4971,True
2770,True
4889,True
7322,True
7505,True
988,True
361,False
4480,True
7977,True
8903,True
3850,True
6222,True
6684,True
3565,True
6503,True
9210,True
3887,True
3296,True
4403,True
3461,True
4909,True
4137,True
8697,True
7956,True
9635,True
8028,True
4794,True
725,True
6063,True
2051,True
5783,True
4311,True
2146,True
2696,True
2482,True
1370,True
1566,True
7416,True
954,False
1516,True
6844,True
5862,True
3627,True
3308,True
3731,True
1037,True
2437,True
2999,True
1510,True
411,True
9835,True
7774,True
9493,True
3259,True
5392,True
1317,True
7571,True
8969,True
3069,True
6645,True
4671,True
7987,True
4854,True
4890,True
8217,True
3392,True
9600,True
5222,True
7673,True
9331,True
505,True
1560,True
7538,True
6610,True
7616,True
6404,True
9664,True
1120,True
730,False
4682,True
8793,True
4707,True
7282,True
6569,True
3941,True
2737,True
5631,True
8540,True
4981,True
907,False
834,False
4878,True
600,False
8821,True
2517,True
7189,True
2548,True
9722,True
6553,True
408,True
3391,True
8356,True
2291,True
2336,True
7822,True
6068,True
9279,True
5818,True
5281,True
3770,True
7235,True
5963,True
5850,True
7470,True
5061,True
2860,True
2363,True
4624,True
7321,True
6064,True
4123,True
9348,True
274,True
9264,True
7998,True
6276,True
7813,True
8867,True
6398,True
3382,True
6733,True
189,False
3704,True
585,True
837,True
4806,True
4399,True
2615,True
5346,True
7243,True
9629,True
1553,True
816,True
9435,True
302,True
2619,True
8141,True
2485,True
566,True
1063,True
9064,True
2819,True
952,True
159,True
923,True
7018,True
399,False
857,False
7899,True
1839,True
9289,True
2056,True
8681,True
3713,True
4925,True
385,True
2283,True
1824,True
5484,True
4419,True
1588,True
2871,True
3348,True
5400,True
9423,True
4089,True
5888,True
772,False
968,False
3160,True
963,True
352,True
9863,True
6586,True
8193,True
8975,True
9904,True
9887,True
68,True
8595,True
8116,True
7194,True
1161,True
218,True
4273,True
1200,True
6072,True
2915,True
1756,True
3486,True
6702,True
2719,True
2241,True
6024,True
9699,True
5593,True
3749,True
105,False
538,True
1330,True
2303,True
1612,True
1488,True
1744,True
329,False
664,False
871,False
1393,True
9700,True
9386,True
223,False
5405,True
3645,True
5962,True
3800,True
142,False
2812,True
2669,True
689,False
7844,True
5213,True
3248,True
6863,True
573,True
7748,True
8888,True
5507,True
1556,True
7265,True
2598,True
5167,True
4157,True
2187,True
4022,True
8453,True
8474,True
258,True
2664,True
30,False
3233,True
8917,True
7014,True
459,False
5248,True
5442,True
8247,True
3614,True
9603,True
170,False
2214,True
5457,True
2935,True
888,True
2954,True
1687,True
1819,True
3703,True
1972,True
8113,True
8187,True
8906,True
5152,True
9648,True
7871,True
9950,True
4713,True
8315,True
147,False
229,False
980,True
7832,True
5503,True
7261,True
7223,True
8367,True
581,True
9808,True
5290,True
2876,True
7135,True
89,False
5975,True
1861,True
5446,True
3575,True
692,False
4505,True
4771,True
297,True
925,True
1590,True
7765,True
7490,True
1307,True
7037,True
4767,True
1672,True
9391,True
2229,True
407,False
293,True
6345,True
4222,True
2579,True
7575,True
6343,True
8314,True
692,True
686,True
817,True
216,True
7934,True
3889,True
322,True
6104,True
478,True
5378,True
5700,True
1889,True
5762,True
812,True
7433,True
4346,True
9035,True
6221,True
3056,True
2375,True
4069,True
2032,True
967,True
294,False
972,True
6331,True
2704,True
6299,True
9347,True
9678,True
7860,True
3374,True
9970,True
265,False
5601,True
2951,True
9537,True
9167,True
9451,True
8701,True
122,True
7216,True
422,False
9902,True
2100,True
869,True
9222,True
6790,True
1998,True
3590,True
1156,True
3156,True
4428,True
5688,True
6480,True
1575,True
621,False
8253,True
472,True
4997,True
9057,True
3583,True
2932,True
5425,True
8751,True
3388,True
2180,True
4743,True
345,False
7125,True
9820,True
5488,True
1149,True
1160,True
8000,True
256,True
793,True
4873,True
9297,True
6197,True
3855,True
557,True
2899,True
3220,True
261,True
3740,True
6762,True
8819,True
7227,True
4305,True
4304,True
5244,True
9798,True
9212,True
8800,True
9595,True
6822,True
209,True
3798,True
3539,True
153,True
9782,True
1147,True
1967,True
8153,True
2433,True
9825,True
597,True
3137,True
6027,True
9848,True
4776,True
173,False
1565,True
6246,True
7403,True
6448,True
9710,True
76,False
7304,True
8417,True
358,False
2243,True
9952,True
1360,True
3304,True
2324,True
8040,True
1480,True
1833,True
3661,True
7694,True
5123,True
4187,True
7471,True
7654,True
8885,True
5241,True
465,False
5834,True
1186,True
9561,True
1907,True
4088,True
2477,True
8208,True
543,False
6847,True
1486,True
1676,True
2353,True
8848,True
1571,True
9929,True
5515,True
4495,True
618,True
6223,True
6880,True
2847,True
867,True
2507,True
4982,True
4695,True
8039,True
4418,True
7003,True
8649,True
7706,True
790,True
7785,True
7450,True
3822,True
7515,True
7829,True
512,False
2808,True
5050,True
3518,True
8925,True
826,False
3958,True
7344,True
2133,True
5052,True
937,False
2279,True
659,True
2430,True
3751,True
451,False
2591,True
6315,True
642,True
168,True
9709,True
1800,True
3394,True
1917,True
272,True
777,False
9258,True
494,True
6788,True
1912,True
3646,True
8230,True
306,True
4102,True
781,True
5286,True
534,True
583,True
1300,True
7060,True
7495,True
8241,True
316,True
6510,True
2564,True
1794,True
6677,True
597,False
8463,True
548,True
1692,True
3525,True
3012,True
1630,True
2390,True
4694,True
9086,True
9439,True
7704,True
4487,True
1259,True
8022,True
809,True
6388,True
1049,True
70,False
7390,True
107,True
6249,True
8865,True
6786,True
387,False
4605,True
187,False
5455,True
1532,True
4962,True
47,False
211,True
3147,True
5156,True
2150,True
6995,True
1973,True
4685,True
8182,True
7607,True
9693,True
8838,True
771,True
7502,True
8895,True
1249,True
7890,True
7253,True
382,False
6573,True
52,False
6819,True
709,True
2672,True
4514,True
1461,True
9676,True
2545,True
7741,True
7217,True
8422,True
1356,True
3011,True
851,True
1004,True
1834,True
7903,True
741,False
7742,True
1316,True
3327,True
1623,True
9672,True
3833,True
5744,True
1278,True
15,False
9245,True
4145,True
8667,True
3146,True
5642,True
8527,True
7139,True
2617,True
3662,True
88,True
874,True
8735,True
3000,True
2760,True
1880,True
106,True
926,True
6365,True
319,True
878,True
6773,True
3994,True
4921,True
5386,True
3078,True
4730,True
545,False
4234,True
4259,True
9810,True
3726,True
828,False
9237,True
1750,True
7691,True
5151,True
3878,True
5864,True
5600,True
1043,True
3010,True
5155,True
6777,True
7786,True
4590,True
4751,True
2964,True
8833,True
137,True
9072,True
168,False
9773,True
1097,True
250,False
622,False
6549,True
9584,True
9458,True
6471,True
6461,True
5265,True
2135,True
9695,True
5458,True
5078,True
3367,True
3729,True
148,True
303,True
5113,True
116,False
5148,True
1270,True
1904,True
2210,True
4294,True
3842,True
3574,True
9960,True
2875,True
5040,True
2298,True
8675,True
8155,True
5278,True
5435,True
9472,True
5127,True
8983,True
6528,True
6894,True
1201,True
962,False
3429,True
1865,True
812,False
5575,True
7057,True
5716,True
9721,True
4998,True
2809,True
8877,True
9743,True
4255,True
7528,True
8752,True
2890,True
3500,True
852,False
3379,True
3193,True
1446,True
1952,True
7124,True
9114,True
1624,True
8502,True
6949,True
1319,True
3531,True
1663,True
815,True
9665,True
9965,True
4775,True
557,False
1093,True
4176,True
1950,True
3884,True
456,False
626,False
2800,True
1239,True
329,True
3102,True
8434,True
2542,True
4737,True
4792,True
6646,True
2818,True
753,True
4531,True
1563,True
1934,True
7207,True
767,False
3493,True
7712,True
1856,True
4697,True
3563,True
156,False
1013,True
9619,True
6108,True
5482,True
9487,True
466,True
4028,True
174,True
4880,True
277,True
1069,True
9740,True
9216,True
5561,True
6866,True
5036,True
6803,True
9658,True
479,False
5545,True
5002,True
1713,True
7640,True
2611,True
7393,True
388,True
262,False
8020,True
3495,True
4976,True
9616,True
3542,True
7288,True
7310,True
50,True
79,False
6587,True
4229,True
482,True
2251,True
4162,True
786,False
5092,True
3103,True
2929,True
6776,True
4969,True
64,True
704,False
7573,True
8968,True
4587,True
6402,True
6209,True
4616,True
3332,True
7587,True
2815,True
3964,True
7606,True
5381,True
5939,True
8916,True
3241,True
2793,True
5733,True
2524,True
1735,True
7960,True
3124,True
4940,True
7975,True
273,True
745,False
7021,True
508,False
6555,True
5578,True
5496,True
1452,True
2692,True
2767,True
8410,True
239,True
1131,True
709,False
7893,True
3264,True
5349,True
5764,True
1383,True
3074,True
4860,True
1357,True
4871,True
2630,True
624,True
839,True
4723,True
7663,True
323,True
1867,True
5256,True
2826,True
5172,True
7083,True
3927,True
8629,True
119,True
760,False
472,False
2377,True
5910,True
7509,True
31,False
9218,True
3301,True
7524,True
4172,True
9092,True
7879,True
9396,True
547,False
974,False
5037,True
6721,True
4050,True
6963,True
552,True
406,True
6213,True
3134,True
9805,True
3298,True
7479,True
2349,True
5842,True
7665,True
9930,True
236,True
5781,True
6082,True
6079,True
7897,True
3163,True
499,True
4918,True
3625,True
3127,True
8986,True
3358,True
9182,True
7078,True
8582,True
4839,True
1217,True
235,True
331,True
4576,True
3188,True
7776,True
44,True
7925,True
657,False
4216,True
3072,True
7911,True
5022,True
6659,True
1594,True
8415,True
4709,True
2891,True
1245,True
7769,True
1540,True
4625,True
818,True
155,True
7510,True
6744,True
8635,True
248,True
4014,True
7609,True
5226,True
8174,True
8985,True
8119,True
9917,True
3189,True
2649,True
628,True
1230,True
2339,True
7707,True
35,False
6830,True
7368,True
9812,True
1451,True
1828,True
9018,True
1639,True
3864,True
7937,True
3420,True
3767,True
8727,True
5906,True
8346,True
5596,True
3149,True
9503,True
8514,True
5806,True
4110,True
1798,True
8274,True
135,False
1988,True
1574,True
2723,True
2058,True
9954,True
9686,True
272,False
9366,True
4509,True
4261,True
9592,True
6251,True
614,True
3093,True
3450,True
1014,True
1716,True
3905,True
7500,True
373,False
3418,True
4651,True
3100,True
6464,True
824,False
1211,True
801,False
8826,True
9247,True
532,False
8988,True
7086,True
5187,True
4270,True
2814,True
1080,True
9846,True
1607,True
8336,True
4241,True
90,True
7846,True
7930,True
682,True
8041,True
8285,True
9026,True
6052,True
6005,True
5131,True
1400,True
483,False
9692,True
7255,True
2262,True
9660,True
3245,True
9190,True
853,True
9334,True
7843,True
2274,True
7040,True
7562,True
4497,True
7572,True
1103,True
84,True
402,False
5952,True
4210,True
6814,True
5681,True
3440,True
1567,True
7033,True
5597,True
1660,True
9748,True
3764,True
3584,True
77,False
58,False
6951,True
2874,True
2884,True
3007,True
1826,True
5929,True
2640,True
9717,True
9754,True
5701,True
8535,True
6437,True
604,False
6322,True
2707,True
6158,True
7854,True
9302,True
2213,True
1359,True
2107,True
4805,True
5974,True
6820,True
9570,True
2828,True
424,True
292,True
1065,True
7017,True
569,False
5734,True
5108,True
319,False
9909,True
7196,True
937,True
3779,True
6893,True
8446,True
9674,True
9136,True
911,False
6280,True
3266,True
7346,True
7723,True
4819,True
969,True
496,True
21,False
369,False
5835,True
8529,True
4704,True
1148,True
435,False
5809,True
975,False
5005,True
3968,True
2151,True
202,False
7761,True
2491,True
2,False
186,False
4815,True
2824,True
5665,True
7038,True
2275,True
8626,True
8167,True
5395,True
6270,True
3755,True
7917,True
696,False
7204,True
3211,True
4308,True
4992,True
3540,True
1941,True
83,False
3599,True
5385,True
9457,True
4438,True
2597,True
1410,True
1214,True
9158,True
9422,True
6439,True
4791,True
7596,True
6217,True
605,True
8296,True
645,True
5500,True
3088,True
9211,True
8283,True
5208,True
2870,True
9100,True
5570,True
5837,True
342,False
8430,True
3140,True
9134,True
9462,True
938,True
5520,True
3229,True
1862,True
1669,True
8197,True
4343,True
3943,True
3013,True
18,True
7574,True
162,False
424,False
6577,True
9003,True
9492,True
5431,True
8452,True
9996,True
1570,True
646,False
1743,True
7009,True
9822,True
9908,True
520,True
3937,True
1658,True
3472,True
2475,True
3948,True
3934,True
7153,True
763,True
4703,True
7236,True
8027,True
4427,True
7658,True
7729,True
1091,True
3608,True
1101,True
7379,True
958,True
559,True
6990,True
6834,True
1519,True
8839,True
6128,True
2484,True
6634,True
366,True
6193,True
7531,True
1948,True
9764,True
808,True
8203,True
217,False
5013,True
7685,True
6783,True
8368,True
680,False
2569,True
3520,True
3282,True
1664,True
383,False
993,False
3370,True
6966,True
8115,True
6572,True
7927,True
4252,True
6683,True
3578,True
238,False
5946,True
6605,True
2624,True
6399,True
6101,True
9377,True
1006,True
2049,True
4011,True
269,True
1993,True
265,True
9106,True
470,False
423,False
8048,True
290,True
2912,True
285,False
6542,True
9844,True
4141,True
4257,True
6871,True
288,True
7757,True
3107,True
8069,True
963,False
6044,True
575,True
850,True
7483,True
5350,True
9914,True
6229,True
3949,True
9292,True
7801,True
9399,True
1843,True
1848,True
716,False
3947,True
1694,True
4181,True
6369,True
233,True
2647,True
1711,True
8374,True
5096,True
5737,True
5452,True
1462,True
49,True
6673,True
5354,True
6004,True
7790,True
8298,True
443,True
146,False
7656,True
4742,True
7180,True
726,True
2238,True
7932,True
2330,True
4125,True
169,True
1001,True
3252,True
2148,True
197,True
6122,True
3793,True
647,True
4140,True
2758,True
8565,True
8758,True
3485,True
1155,True
4135,True
973,True
3287,True
7151,True
3638,True
5882,True
5594,True
6600,True
27,False
2308,True
32,False
6031,True
2044,True
4372,True
4732,True
4718,True
5955,True
844,True
4489,True
7913,True
347,False
349,True
6668,True
784,True
8239,True
5751,True
4018,True
1439,True
6097,True
5085,True
57,False
6885,True
7865,True
5406,True
8225,True
787,True
7684,True
5139,True
4577,True
5339,True
8059,True
2627,True
6625,True
931,True
2404,True
9877,True
1248,True
4855,True
92,True
5511,True
5437,True
2851,True
6423,True
764,True
6748,True
5469,True
6047,True
640,False
9920,True
257,True
7240,True
9411,True
7651,True
9353,True
8964,True
5582,True
8504,True
4859,True
2997,True
1176,True
3896,True
9541,True
3516,True
7955,True
490,False
7680,True
7084,True
8583,True
6015,True
1456,True
1092,True
6118,True
3239,True
970,False
4441,True
2583,True
7566,True
1372,True
919,True
4307,True
5699,True
742,False
537,True
9412,True
